attention,meditation,delta,theta,lowalpha,highalpha,lowbeta,highbeta,lowgamma,highgamma,state
60,43,335222,37625,6402,15262,5617,4743,3010,3001,1
53,41,1390834,335514,76133,38815,60324,24701,20048,7429,1
51,40,79530,112632,38547,14908,17986,9660,13927,3815,1
69,35,50681,16683,12000,3729,12840,24123,17894,9833,1
70,41,191980,88310,23028,38050,20804,12164,5358,1101,1
84,87,35996,46440,19244,15462,15604,28058,6530,4196,1
93,74,26703,15000,7805,2375,8391,4177,1557,1175,1
88,54,31870,22134,8637,1235,4612,9414,7032,4765,1
90,63,650955,32848,30201,17295,6370,13817,9337,5960,1
88,56,11190,15413,7165,2360,22070,7537,7354,9057,1
88,54,145301,95164,23398,19654,10707,24948,14317,7675,1
88,54,1398453,886579,42060,61690,130209,95535,11654,3847,1
78,51,1279323,587310,145766,15330,81889,64730,50587,42845,1
81,34,695524,24242,2037,5264,5553,9104,3821,1351,1
63,30,907566,239057,43198,11154,32862,8240,17502,6196,1
81,35,1341337,228561,3960,14108,16843,17008,11966,9742,0
64,24,1170527,185794,11122,31759,31972,21574,14265,7026,0
69,37,775190,68695,39714,7892,14200,29637,11676,10946,0
70,17,101355,73697,3602,23285,48276,22035,12712,10250,0
75,50,833294,9741,5393,9885,4709,2907,1558,309,0
74,56,110110,57989,13874,9495,6406,5785,3320,1764,0
69,51,930618,131744,29059,19442,29996,27933,45866,11245,0
69,51,2088599,31438,9602,1226,3874,15672,7798,2451,0
70,63,115404,19870,15734,8815,10207,12311,6029,10093,0
83,60,33393,5248,7834,8538,9925,9951,23176,10041,0
47,64,2130518,1661693,211568,64248,35348,22790,55008,95273,0
44,57,354218,31936,4483,9753,12484,6086,4927,1959,0
67,78,324031,21610,43009,3470,11711,13309,7864,6263,0
66,67,318203,207311,44203,38252,49274,23221,13829,8424,0
67,51,408977,50681,4637,1712,15661,7208,4452,1272,0
67,51,408977,50681,4637,1712,15661,7208,4452,1272,0
67,51,685348,39998,30516,7240,11045,14652,3997,1006,0
67,51,125134,15427,14543,13189,12886,18138,2720,892,0
67,51,1088071,530264,110966,158468,91928,24320,18876,14023,0
63,56,15959,12165,4284,1348,804,1101,698,1033,0
50,74,1643200,432934,133448,103877,67657,14669,12223,8481,0
50,74,570386,23605,18341,4281,2328,2313,688,434,0
50,74,111730,26624,8091,7159,6303,5559,852,293,0
51,77,227096,184785,262639,113858,96331,67401,13521,13690,0
50,87,406014,56125,34991,22877,12841,8549,3681,1925,0
50,87,1083197,65280,4127,1645,25154,17755,26092,5950,0
56,87,1248258,255116,93552,183021,149454,152342,7050,3129,0
61,69,125172,70033,5105,2260,3391,3060,2581,1000,0
56,60,1427894,89222,18947,28686,11341,10340,4273,3692,0
56,60,626535,154745,43045,97824,131972,42159,7125,4316,0
57,48,64307,3300,429,2762,1574,491,586,1058,0
57,53,1044466,107216,6746,14986,19326,4807,3959,2904,0
63,54,688293,157192,40954,19390,6528,20822,8602,8913,0
57,56,1788891,325243,42086,93765,28151,37758,16195,37594,0
64,61,291540,64350,5487,12119,4654,6823,3282,4334,0
50,57,1553383,203647,59037,70763,46857,13694,24131,27634,0
47,69,2026722,59422,72504,43016,52062,16908,9969,6713,0
47,69,1220942,26990,7119,16064,4713,10954,1939,383,0
37,66,1078754,120032,13429,11166,4851,3585,2716,938,0
64,77,474439,24070,4953,17019,5944,13621,10618,26775,0
84,88,43157,24964,19612,30702,8850,9673,8470,15641,0
75,81,245402,97337,9195,23292,15647,11463,15058,13716,0
67,77,2393731,138861,55703,36292,33556,22499,24984,5733,0
63,80,335742,9790,4058,8935,7171,3077,1119,2108,0
64,64,189620,53058,9070,15501,12280,11258,26953,22486,0
63,69,1788057,398161,150586,60803,68873,49554,24600,4459,0
63,69,756895,4307,859,912,3401,1741,687,299,0
63,69,703013,112289,20907,26357,12077,8338,5839,1970,0
63,69,618547,231830,105869,36625,49435,27454,8906,11186,0
54,63,211309,9367,2325,3243,4285,1167,1003,875,0
63,51,547693,44702,10242,13395,98461,18056,18292,5122,0
63,51,1531232,290910,120360,140650,171968,127095,29809,13574,0
63,51,1287877,451307,278462,74704,81591,204167,32979,19943,0
63,51,727434,437455,103662,38118,19598,26399,11931,3704,0
75,64,947143,188353,314092,204841,31125,215946,22315,16580,0
75,64,1437417,1417953,106579,183444,108794,288121,84692,180755,0
75,64,1876594,187005,71090,120473,56767,86536,55422,37378,0
75,64,704665,205486,12370,216021,258339,115602,48788,21110,0
87,64,710066,60886,3985,31845,13127,15938,9697,3448,0
61,61,1146666,71365,69736,61506,47513,45143,6069,5948,0
61,61,1095584,15057,9413,2402,3285,3766,4908,543,0
61,61,707453,709103,297025,98748,480713,150772,34013,44160,0
61,61,600316,87138,37428,76142,48017,52916,35373,28059,0
61,61,752619,236144,275423,293133,61688,279153,123497,166075,0
66,61,592054,1251948,298084,345440,1196175,724203,291095,51145,0
66,61,961971,98916,39525,37307,141859,48386,21586,5527,0
64,63,892893,76477,64263,33301,68793,13623,11606,5914,0
64,63,963393,37900,8565,8912,7271,9220,2156,1661,0
64,44,276150,10237,4344,7762,13263,8298,1058,151,0
67,63,965873,16544,2095,6750,3096,5253,1347,680,0
67,63,340041,10365,6945,7841,16357,2672,1142,1373,0
84,61,1299003,97938,5709,60426,86088,33668,5997,3931,0
81,51,576258,42396,9536,11414,8814,12637,6566,3140,0
88,37,300146,86320,1070,5380,15038,20588,7956,5057,0
77,34,610916,23604,4204,3745,4237,2026,1708,366,0
70,34,825085,76257,6831,39403,66362,13586,7929,3913,0
57,10,755106,499075,18188,8179,14844,21847,17370,3988,0
63,50,1090474,21520,3079,16734,12992,16545,3456,2571,0
77,69,976529,260645,22024,122791,29507,33147,25726,15594,0
77,69,184156,46721,7322,4482,2312,10219,1952,512,0
84,48,2934583,36638,3287,4830,19041,20116,3059,396,0
91,48,1329657,74248,41120,10123,21815,47644,4260,4745,0
83,50,162930,4913,1153,913,883,616,557,411,0
83,37,967817,60186,5319,5602,4232,5791,1878,2469,0
74,50,2030772,239935,52758,61517,39951,55432,16164,9411,0
63,50,1220776,22070,9499,15054,23666,27401,5915,1054,0
67,56,1035381,28478,23339,4653,8221,10378,1397,507,0
67,56,1258068,30250,12876,2627,4055,2216,4187,367,0
77,80,452884,7862,21266,4275,12303,3546,2719,2430,0
78,83,1346820,22956,33125,20274,19161,18170,1851,2827,0
66,75,1292155,324233,44178,57302,20372,12119,4882,1496,0
61,97,42779,2952,5303,3022,1425,1773,896,287,0
67,87,255141,20919,9789,5161,6876,7054,3955,1990,0
67,87,626411,10510,2292,6692,2995,1577,494,300,0
70,80,734701,20471,9735,6883,4155,13519,1306,477,0
47,48,747395,210384,27210,22683,51104,20234,8459,13004,0
57,54,739813,68047,21428,8251,3085,1850,686,534,0
75,61,1978495,156691,65601,52164,102724,130448,12565,3532,0
64,74,388834,78932,49351,11084,17304,12599,8509,7452,0
60,64,428690,150756,37983,30545,57751,22323,12894,11766,0
78,64,1547703,239511,117412,223331,376109,232086,16509,16031,0
88,60,1381574,205828,50196,96053,47829,111622,18176,10592,0
96,63,241497,8382,1937,3766,5733,2329,1289,1040,0
78,77,1897545,37604,67162,65620,27813,19479,8310,5008,1
77,93,774731,22661,1834,10613,6063,2613,2272,1558,1
74,70,531664,140766,5502,38107,12676,13628,6688,4082,1
74,70,233108,15840,6188,3320,7985,7200,2296,579,1
74,77,1012388,34901,13428,17315,19793,13816,10483,5936,1
63,61,845695,85920,27762,4889,2627,4442,2227,2744,1
66,60,1186342,350811,171256,117002,181582,200532,19636,7930,1
61,54,258105,74915,34013,29200,10582,16568,8133,5528,0
84,47,81680,15481,1066,1112,4109,8073,1336,1313,0
77,60,6177,23321,9451,35718,9354,11652,8655,3388,0
75,44,73676,98098,4374,9980,27682,6161,13221,7248,0
80,44,942680,23129,19974,8518,12581,10481,1292,1547,0
80,44,2713826,457719,226398,115785,97287,31490,9395,5194,0
80,44,715136,18964,5871,3687,2470,1579,597,126,0
75,60,682109,36510,4601,10867,6342,12381,3264,568,0
75,60,918951,13173,705,9706,7290,3316,977,364,0
61,77,105265,15428,20159,3683,2074,1919,739,497,0
66,81,125416,32007,26367,6120,8013,13216,1731,564,0
66,81,779960,22003,10672,11446,19420,8432,1354,1818,0
53,67,287420,44241,5347,7015,4730,2361,1241,583,0
53,67,273295,17703,5453,8699,5308,4279,840,870,0
53,67,1733550,30943,23083,12611,26737,33152,18771,3408,0
63,61,1310072,30294,25134,6278,12097,10365,2051,1733,0
63,61,1839673,508906,55366,94790,20431,68048,28121,12964,0
78,60,1586199,154426,63007,123760,102834,127975,36416,6404,0
50,54,219164,13467,9235,1994,6059,3400,1879,3873,0
50,44,1773970,46037,11122,3750,15766,4182,3312,998,0
48,26,550509,245570,9914,14208,21898,14236,5755,2606,0
48,26,1091026,127671,4925,7383,21522,21443,4501,4147,0
47,34,393029,33247,32619,11954,8900,8220,1602,1895,0
47,34,3084465,207184,21778,25144,13757,7314,3983,2675,0
44,40,1185709,72529,6746,12274,5833,3110,4224,1397,0
44,40,1185709,72529,6746,12274,5833,3110,4224,1397,0
38,37,197230,32394,2902,2942,2763,1372,669,2061,0
66,14,1526684,99372,10326,25598,19680,26276,8897,20630,0
57,60,697960,157178,39513,6731,27429,8051,10352,9620,0
63,50,990355,367339,129298,324996,346028,174262,52795,19831,0
63,50,1284948,112434,81234,23142,17228,16163,4373,2485,0
63,50,1166999,23922,46435,54182,76744,117998,14106,11764,0
63,50,866050,166932,20852,41568,44860,46446,28197,16917,0
63,50,903911,131917,59871,75242,49184,136822,25787,7217,0
63,50,216981,4702,714,1861,1565,821,78,90,0
56,57,638989,12467,7095,10092,4943,5487,4142,5048,0
67,61,81742,21421,985,2929,3606,1843,3091,3999,0
57,34,755077,58488,10199,10287,42765,62505,7869,7434,0
57,34,1055952,30657,7043,4316,2390,1073,782,427,0
77,61,1871475,50322,54375,115982,51882,26278,11181,3783,0
77,61,1471629,35101,16234,7412,5214,2911,908,893,0
77,61,1471629,35101,16234,7412,5214,2911,908,893,0
84,61,58420,37711,33775,3439,15504,18205,3800,12585,0
74,64,48107,41460,5279,8415,17654,10475,7215,14746,0
75,60,391511,32751,8602,42077,10327,14307,3998,8239,0
69,63,938017,507994,130465,34708,48353,24259,11149,12259,0
61,70,1618886,57785,61887,50417,20685,26491,3187,17333,0
64,91,75876,10118,7899,4545,7188,4079,2768,1271,0
70,100,64731,15858,23026,14593,14208,6022,8085,6773,0
69,94,44866,31963,38666,6564,24606,9610,8149,6489,0
77,83,50809,37569,11252,17096,8660,20467,2778,2165,0
75,91,29424,22848,31133,23687,12983,9342,5579,6024,0
70,83,122109,16178,436,10692,4072,2061,1987,2024,0
70,83,535394,176590,24353,16238,35992,43358,2278,2310,0
63,56,973778,125205,2194,7145,4388,6946,1973,1160,0
63,56,745881,55333,1483,24345,16270,7286,1953,1365,0
77,83,47647,16497,1500,53999,22619,25159,18570,4531,1
77,93,27391,11527,40673,18192,33004,17781,6868,5437,1
88,81,9270,10462,13332,4364,15376,15327,8073,6671,1
87,81,11701,10325,8441,3392,5113,13202,10796,8565,1
88,74,863224,40401,18101,19970,21158,32087,13367,6812,1
100,63,6869,18560,10045,3639,11544,18395,8783,6666,1
97,63,13334,29187,11127,18995,7803,26918,11248,4500,1
97,70,44285,14391,12383,19525,12445,21529,14001,4041,1
78,24,10404,22481,10942,13473,16632,20121,14761,11156,1
61,60,100994,6465,1526,2663,3083,4696,2557,952,1
66,66,15046,38892,14125,20643,12198,21117,5556,3891,1
63,61,7466,28104,13375,15562,9279,10177,12046,2456,1
70,54,108976,16762,1716,2178,4404,4637,6135,843,1
70,54,9571,17409,2752,14839,12440,19885,16060,3937,1
70,51,13268,11641,6174,7289,14664,7564,6177,5134,1
84,66,19397,19555,2967,17297,10005,21272,5427,10391,1
67,61,116888,45515,7113,5692,5972,5348,2559,827,1
70,63,12740,10541,5365,12409,20279,26187,26004,5579,1
84,69,8292,2999,21561,4435,13656,10297,20930,1626,1
78,60,9661,31490,5610,4939,16494,18800,6558,3482,1
84,57,49210,51238,21067,3112,6521,31540,15292,10983,1
70,53,2570608,398418,136954,63762,32906,44215,8594,4872,1
64,34,729840,82196,4051,21762,23632,21673,9878,4878,1
63,57,4281,7953,17635,17876,11130,14951,5718,2767,1
60,67,10385,7690,2871,20728,21372,10379,6142,1533,1
83,75,15875,4109,17385,2549,6215,16972,10595,5601,1
87,87,11626,41919,9640,21871,7494,19602,10411,1623,1
61,67,82589,20469,11225,6463,10771,26717,3233,4789,0
64,90,5860,39075,96000,10010,10320,24842,29809,6724,0
56,78,173097,23100,3756,4488,8885,3167,6512,1415,0
44,60,161456,44243,3832,6950,2969,3518,1706,1286,0
44,60,87536,46175,8929,19716,6716,20543,5966,7559,0
44,51,170884,45159,43315,12885,22795,16679,6931,4472,0
34,43,25390,81749,5263,6738,3715,2681,3102,1046,0
48,57,22622,16875,18396,18877,27514,17016,8207,2055,0
50,56,111122,51206,4470,22267,10399,26571,11452,4125,0
48,38,823016,149338,12249,19298,18618,26643,11476,3606,0
57,80,3737,24615,62063,6783,16137,7706,11445,9106,1
38,80,41542,94644,38340,2892,9885,7156,1581,574,1
47,53,99497,17250,3437,2354,5995,5170,2364,709,1
51,64,123576,11149,13755,4233,1953,3110,839,654,1
67,74,8897,23547,18564,13575,9165,14335,5783,4555,1
66,100,11382,16722,57401,20303,7794,19490,12491,1992,1
53,100,9149,11815,28039,25180,12365,8699,3210,3078,1
69,94,23820,34125,10251,10986,8653,28870,5051,1834,1
64,80,23901,54847,9581,6945,7571,11970,7085,3621,1
63,63,7535,22716,3181,30203,39812,8327,6479,3829,1
57,44,81449,64762,17078,21590,8529,14191,5932,3233,1
66,47,123199,19283,2916,7695,2179,5051,3501,1157,1
69,38,21459,59007,1039,18859,13374,16143,6089,1417,1
67,35,2385,26768,5016,13902,24997,15648,3648,2404,1
63,51,104781,12268,13559,1321,4795,4331,2994,3183,1
57,29,107641,69774,3511,4166,12995,7708,1901,2353,1
69,21,46391,20159,3694,2477,17589,18002,7689,6063,1
67,30,13785,22677,20462,12758,18993,16228,6283,2002,1
80,1,5950,18290,1231,1685,7383,11476,3754,3099,1
84,34,8976,19514,50518,6393,20255,13871,14730,3136,1
84,69,39363,7408,5755,12240,6792,11828,8276,2473,1
69,43,35974,6807,1066,2892,11311,6179,17043,3593,1
47,41,595786,520312,333702,54726,18954,32869,18177,35154,1
44,41,52226,27908,19372,50333,19172,17116,9224,3560,1
17,38,346081,105107,6119,7128,2412,4630,2636,607,1
37,38,10632,20521,24042,14930,23114,15967,9891,4400,1
50,74,5105,8759,18267,7322,10565,9036,8168,2510,1
67,60,26410,4715,14691,5109,11936,30066,7286,3335,1
83,74,35952,27994,10845,3817,12458,7890,7485,3682,1
78,74,15699,20001,20685,15093,30566,8799,7540,3248,1
17,26,114327,17695,1903,1297,2089,446,200,232,1
88,56,161573,74032,13589,19374,6858,16873,8759,7718,1
84,51,6906,16710,3203,8867,10772,13855,20896,5106,1
83,56,76059,32248,17217,14181,8924,24671,10587,4361,1
75,64,71646,18080,8629,31025,14371,14745,15058,4395,1
80,47,38094,21988,2078,1131,2575,6832,6101,645,1
74,53,33705,35259,6452,21361,14710,13684,15323,5247,1
67,44,23978,27638,9867,3656,15349,10288,6405,10152,1
78,24,4919,13544,2675,3427,6966,14218,12831,4032,1
81,43,16618,17142,13540,4425,12506,13887,4915,2233,1
78,66,6779,11967,30080,8177,13551,17322,1307,3305,1
66,64,20798,31004,8637,5915,9882,8654,6813,5156,1
83,41,11588,19034,5925,4765,10197,13141,5852,6603,1
64,78,18274,11146,52259,38406,17018,8263,9761,2560,1
63,66,21591,45846,15560,19260,14768,21512,7748,9614,1
61,69,26648,35954,10187,24845,24131,12918,3648,3670,1
44,64,304322,51691,4794,6596,5171,4170,1120,336,1
60,48,34675,15580,17680,10159,20192,20004,9433,4037,1
60,54,22753,14844,25012,5650,9658,13221,3291,1292,1
61,67,22121,8618,35207,4242,6514,9677,5977,3319,1
47,74,488494,61259,18950,10204,6285,4945,2143,1192,1
70,20,83021,26352,9597,1340,4323,3853,747,512,1
63,14,1209835,331146,26291,28124,46690,24875,6421,6759,1
53,29,8283,16421,28081,10004,43657,14827,3175,1937,1
50,41,83018,25102,20447,6339,7512,14177,3939,1700,1
66,44,27882,14700,10770,7164,9867,16431,5236,9246,1
80,69,8874,10848,37377,16746,24545,17121,9975,4471,1
74,74,52798,50201,38487,10909,6760,14118,10248,2036,1
74,74,52798,50201,38487,10909,6760,14118,10248,2036,1
66,91,8723,5981,29695,12118,18329,19339,10320,1772,1
67,50,56482,50968,4877,5826,4533,3138,1547,1492,1
64,57,14220,9221,11321,31673,10312,10488,1896,3812,1
84,67,10680,22599,12355,6146,7913,15373,7428,3246,1
84,69,305565,14353,24641,7739,11320,24069,10673,6385,1
60,61,440144,294375,23101,35510,20824,13013,12797,6462,1
47,30,440431,103910,8645,5277,21171,5827,3741,1559,1
47,27,11237,45698,22567,3995,11600,30567,6739,2886,1
54,43,40212,21511,7175,14291,11409,12824,13224,4881,1
75,56,5641,30709,7992,8690,4416,16770,9995,5212,1
44,20,38317,77726,9419,10656,11330,11035,8038,2612,1
57,54,5239,24912,27313,11460,6512,8293,3044,4711,1
41,61,840104,375156,59402,49728,30104,20286,10109,4723,1
30,60,1050385,170638,35018,8779,20563,26209,16357,6096,1
20,35,2069973,431907,35186,14523,23451,18857,29618,10203,1
24,30,780859,93853,10779,16540,8502,7069,5895,1340,1
34,53,411546,113004,82953,47162,21753,32285,25200,31671,1
27,20,694832,268591,59791,53570,50262,46217,10082,5650,1
13,47,96851,18457,6866,2122,1222,2530,1704,1011,1
16,57,266682,60065,64206,49364,35866,28334,16332,8139,1
11,47,1431272,598913,47299,24955,28285,17735,9701,4186,1
10,37,330093,532421,83390,25293,16173,12540,10889,6251,1
14,44,481812,26773,29144,15889,8360,10552,5208,2484,1
21,37,10969,42419,22791,8183,17904,25210,7633,7830,1
48,43,15778,25826,6471,5191,14596,15740,13118,8531,1
69,66,32123,22565,36139,30931,14093,16061,6296,6315,1
61,54,151666,37955,12163,3622,3984,3498,3432,2823,1
61,43,1838618,370855,88847,55079,115357,20545,15553,6166,1
51,50,65850,8366,6415,8602,7236,16656,9476,7382,1
35,26,266880,715159,54561,16755,27729,12420,6502,2757,1
51,24,163326,41844,10109,7314,12064,20578,7430,3300,1
37,40,23183,5903,36842,5629,10269,5486,13596,3958,1
56,74,15481,25868,53667,55031,14476,19223,4946,2688,1
38,83,108539,126357,76009,14903,13301,11463,3552,3137,1
29,93,14593,26084,18691,5592,16905,4040,7009,823,1
20,67,45363,37683,1080,2053,4901,2429,1988,399,0
47,44,11885,14887,5974,22637,21085,8568,5354,3740,0
61,51,31018,19379,13457,20923,19493,3072,6584,1544,0
66,50,21407,38568,1400,12475,10278,12311,10975,4358,0
50,69,9938,29673,34805,22951,7163,6668,5455,3114,0
60,64,7169,12604,18813,25069,45921,8768,4013,3089,0
47,66,20033,15769,6881,26956,38137,6306,2809,3918,0
30,93,4534,18732,86070,54499,18524,8048,3223,4350,0
43,69,6390,25874,2479,5734,12273,8902,6198,1543,0
47,30,528947,169690,57275,9431,14172,18340,17491,4251,0
20,1,424188,151044,28582,31508,9232,17664,7275,3119,0
24,16,1617194,119007,43878,74100,5054,10323,22063,6964,0
35,29,49873,76121,5741,22302,39587,14132,6851,3947,0
24,38,827373,99005,15404,9025,6549,9399,4019,2511,0
16,44,1305668,112834,43194,49462,15150,6546,9585,3436,0
16,21,320053,704650,48450,26707,11468,31338,12488,4784,0
23,27,211729,14691,19654,2659,29854,11825,10331,7020,0
14,30,64376,73620,16480,6655,12378,2698,2289,670,0
27,27,22237,51636,20990,8101,10169,11021,6824,7571,0
40,37,1016763,135920,11544,3822,8393,5271,11492,4244,1
64,47,161780,36807,24680,14990,15860,20004,9063,2999,1
77,51,12209,41252,6057,20174,13628,16901,14431,1555,1
54,50,313726,148384,96484,65270,58319,15129,41909,29947,1
38,51,104848,18500,5704,1291,1977,1442,1427,556,1
17,37,45466,37393,2011,2865,2037,1220,1953,1456,1
8,35,357236,74805,13817,10872,2322,7264,6491,8408,1
7,27,357075,81722,10533,26545,5359,4635,8148,5343,1
11,21,639228,64307,547,13203,2975,7331,17226,1487,1
30,40,2416701,40460,32842,27537,24867,27444,20487,11487,1
40,77,1279029,46196,37138,9841,5134,4728,3853,2759,1
41,90,1454987,93279,49754,48393,47798,16014,12318,1556,1
43,94,130922,15683,14582,11955,3951,2573,1375,887,1
43,94,130922,15683,14582,11955,3951,2573,1375,887,1
41,84,98998,6216,6895,1412,1276,2993,3249,1368,1
54,81,10687,1829,1768,1045,1717,2300,1844,1862,1
50,66,248979,226940,61511,29235,56535,11009,15617,7058,1
51,70,1407642,105456,17769,4809,10980,14298,4534,2244,1
43,64,399054,15655,4760,4450,4531,2190,1390,460,1
38,60,24686,24873,6543,5833,3561,10077,9303,2850,1
48,69,47460,38816,3962,26560,6678,9119,12638,6394,1
7,16,582047,442193,24490,5659,6784,21669,2862,5212,1
14,29,302518,70848,26624,3441,26105,10619,14749,3841,1
53,41,62930,2382,7406,3029,7949,13360,7819,3562,1
60,67,248061,44251,21937,8952,4215,7029,898,1646,1
63,67,22500,31766,10411,3007,6729,7675,12086,4350,1
63,67,22500,31766,10411,3007,6729,7675,12086,4350,1
74,75,457653,31881,1914,13547,6715,11822,24049,3014,1
30,60,603748,13105,6637,2429,2049,1378,526,281,1
30,60,603748,13105,6637,2429,2049,1378,526,281,1
29,53,551723,79037,13875,4074,7361,3701,9716,6693,0
1,44,181301,33488,6632,5596,5761,1586,1206,2849,0
1,47,1356333,118328,19170,16443,9039,4448,8673,2713,0
20,67,41281,7658,5003,12137,7707,9086,13149,10669,0
20,63,99693,80647,7850,4517,10136,2571,2690,3075,0
29,69,1861471,81827,52168,11536,11671,15214,10266,4019,0
41,70,1577713,376299,63135,76230,60076,55839,41483,28293,0
51,61,116671,19987,4956,1028,8986,5961,9432,2639,0
51,44,641022,145039,9003,11658,15270,16594,27274,18280,0
47,41,482402,164688,18176,14988,15983,12578,11056,2968,0
44,64,55705,31469,4833,5233,4015,5852,6204,520,0
66,74,794034,34723,11554,6594,4878,2400,2749,335,0
60,74,38459,32917,13592,3588,10367,14765,3878,2818,0
56,69,23252,18926,14727,2597,8757,8658,12589,1903,0
75,74,760834,59127,15680,8876,11234,9063,3875,1565,0
63,78,378943,20221,8015,3366,2846,2753,3667,716,0
61,81,125696,11345,17253,6746,14686,7084,8394,2478,0
60,77,5364,9253,6902,5469,5234,11632,12921,4201,0
60,93,75106,35943,100735,21090,20524,16051,9991,5262,0
53,77,1699143,107609,62086,63089,26359,8344,11710,4793,1
16,77,356787,20805,11864,3941,3042,4010,1898,1175,1
16,66,1177017,35408,9568,4573,3427,1965,1754,733,1
27,64,2080371,96182,23982,20445,18313,26019,27608,17843,1
34,57,1670595,668196,70052,16612,17047,43724,8329,11936,1
44,48,158210,26678,4294,6230,9771,16351,13507,4710,1
56,60,104530,13869,3809,27692,6175,6269,9977,1729,1
50,64,14016,28256,11268,8998,5418,4534,2571,1479,1
78,70,12090,6626,4810,3732,15566,22793,2393,1480,1
77,69,15985,15492,1914,2793,4663,7381,5581,2832,1
57,77,214077,69143,42311,37203,15803,11060,14162,10791,0
17,67,190487,125215,10859,16968,10069,5778,781,2653,0
30,69,126550,56901,50025,10813,10374,8185,9105,2156,0
44,78,10839,7102,12218,16237,6502,13262,3369,2368,0
61,87,13331,19668,6567,7814,4245,10233,4820,2911,0
48,77,1991309,180804,14750,12249,3859,10828,1700,2845,0
56,61,28407,48744,10086,1404,5726,9305,5530,2580,0
43,63,249102,18925,18685,9289,2397,3361,3676,1425,0
41,69,237795,7316,2484,7311,1876,3841,2505,1881,0
53,84,38742,20340,16483,10819,12372,10676,11382,2150,0
50,81,22214,12577,10817,11525,9655,15998,12672,2610,1
41,47,1624853,274442,29433,27167,34181,22707,21446,10423,1
38,57,63120,12196,13819,16024,14302,27463,10547,7699,1
50,56,23547,15549,27460,6525,8164,15913,7685,3844,1
63,63,289961,65375,9284,7772,13802,11884,20517,2005,1
66,70,1386463,17931,6586,7156,15087,3551,2218,2265,1
54,66,23830,40452,7811,13238,11207,11097,10030,4845,1
54,66,23830,40452,7811,13238,11207,11097,10030,4845,1
41,60,11892,71129,22641,7778,7805,15100,10125,6004,1
43,53,9047,18064,1451,1851,7549,10225,5782,2261,1
44,88,263311,14087,7170,10589,6289,5592,2790,800,1
14,40,486042,153095,75702,37424,7320,16742,9276,6037,1
14,40,486042,153095,75702,37424,7320,16742,9276,6037,1
13,81,801365,81510,27228,6912,3919,3890,2259,2227,1
23,77,72934,42089,12150,11601,35626,13620,13008,4590,1
37,81,5488,12732,7706,28530,7506,12461,7452,5319,1
38,77,859431,79018,26819,45061,34311,8207,7179,2725,1
61,80,17079,11296,14057,5490,4566,17312,8724,2996,1
66,84,23338,40439,17233,12012,8647,23664,7313,2410,1
40,64,714495,222389,21378,9766,7673,3264,2595,766,1
35,41,162880,44492,13934,7788,6422,26370,36882,9012,0
48,77,153558,2772,4953,2179,1842,3022,1096,342,0
30,61,56922,39925,15455,8130,7493,2622,1316,1729,0
50,80,31188,9215,16567,15006,2185,10537,13744,2403,0
34,70,276728,49323,14978,9008,8185,3088,2160,653,0
34,80,1027096,101940,32082,13355,7443,15402,6397,3535,0
29,75,697580,63965,16609,3438,7282,2642,2884,1384,0
23,54,458170,114134,13058,15252,14242,17141,7539,2768,0
24,54,1398036,428844,42247,162258,37097,31565,9044,3392,0
66,60,5488,7993,5451,7104,6375,13818,10530,5608,0
69,87,5371,60094,20150,15981,19828,15039,10072,935,0
35,48,86491,28466,8537,7036,12185,11036,11002,6011,0
29,43,244644,7181,3923,2496,5249,2211,2129,708,0
44,50,694609,274759,105918,51641,68814,80782,11027,3078,0
44,66,3608891,97132,30005,24297,15210,4780,2297,1478,0
27,75,487585,182497,145871,2908,9471,12567,5025,4173,0
24,63,42052,129648,15343,5970,20798,16972,10949,3107,0
20,61,301570,30253,3617,8127,1779,4091,2328,648,0
37,74,7603,12708,33890,3163,2642,10496,10823,3340,0
48,67,250959,19267,8312,3672,3935,4616,2035,511,0
64,56,1272946,21528,6979,6033,7915,3614,3386,1090,1
96,60,94251,12769,4280,5900,5644,5281,2133,735,1
84,53,466379,83551,9040,19534,19126,33322,22847,8600,1
66,48,114029,20745,1427,3116,4477,5172,4448,2393,1
64,43,506981,127766,10307,20658,12693,23613,15571,6852,1
50,40,334436,49898,8970,7868,1978,3262,2056,1022,1
53,53,33224,3130,4507,2658,1934,4821,833,674,1
63,61,14043,6030,5682,4493,11308,12047,5626,7855,1
78,69,3080,8198,6792,5482,5720,15020,8086,3941,1
94,88,14583,1974,3647,28031,2669,10707,7828,6037,1
41,53,31798,49164,17017,33189,10606,15072,10347,2226,1
50,63,58519,8693,7405,2520,2559,5782,2699,1087,1
54,61,1738,9697,5516,5158,838,15728,15596,3189,1
69,67,1644366,560080,93402,111693,45703,32290,11817,4659,1
50,66,546991,56206,19204,7969,5375,2400,2455,1398,1
27,57,1019563,82266,12067,5248,4035,6805,3926,909,1
17,63,19532,37736,26614,23251,11762,11156,11515,3784,1
17,63,19532,37736,26614,23251,11762,11156,11515,3784,1
48,54,11738,9151,3479,3065,8541,7612,5613,1493,1
47,27,577469,42640,2736,10433,10935,16586,3355,4165,0
40,57,48094,73275,67115,19879,30793,14176,4711,5915,0
53,56,987620,80145,9592,23080,15276,21452,9821,2824,0
54,78,2083488,24729,26867,18408,5779,14636,14954,6329,0
69,77,15438,3485,5975,8290,7265,19042,9452,3308,0
83,75,20206,5477,15948,1888,14915,9749,5698,4081,0
93,78,26966,6777,5508,3281,6246,11052,7312,3390,0
100,70,20637,17232,11673,9047,4807,18173,4690,6188,0
77,61,1142465,56553,7836,4033,11311,4831,1947,1390,0
91,34,39097,24188,3157,7527,9526,27874,11067,11659,0
40,43,692350,146675,12548,4587,7345,3860,4329,316,0
43,51,258678,11250,3775,3335,3252,6851,4192,1421,0
54,51,607427,7217,395,5794,4778,5519,2271,740,0
87,50,28666,18648,2085,3857,7853,27394,6377,4697,0
90,48,48066,26930,5913,14401,5513,13285,10751,8066,0
90,48,1395010,7662,612,531,2511,3489,2417,652,0
87,37,3347,74991,5563,6645,10739,23072,13470,2414,0
87,40,18299,17108,1046,18137,12446,14214,3736,3748,0
20,50,80809,13924,581,2855,343,929,766,196,0
63,57,124229,52104,26448,6804,15233,14539,32544,8858,0
60,69,29682,6587,6253,31625,5633,16323,13129,7139,0
77,67,23901,36674,8859,2264,7081,26985,17025,8190,0
74,67,140283,86996,3435,48516,16802,24343,8122,2624,0
77,69,56556,37355,15222,15989,4944,17377,6158,4678,0
47,57,148191,32045,6545,9603,5887,5607,1147,945,0
50,43,21990,19999,571,1926,2096,4969,3697,994,0
54,40,2481,19981,18029,7383,18431,19216,10897,1130,0
67,40,218496,86138,15012,9207,7655,32844,14906,5556,0
69,47,19595,21557,4916,12854,6065,21578,17168,3369,1
50,53,38713,26653,4895,2805,9011,15692,16622,5849,1
57,47,6828,9847,2869,4673,4924,14070,13811,1698,1
80,40,12652,35148,4489,10655,11694,18307,11983,4072,1
91,27,8334,31470,1482,2371,2702,14793,5235,4647,1
91,41,7652,19362,11102,11436,2163,16664,13573,6962,1
75,48,59029,13347,4170,5789,3160,2878,1896,1828,1
63,44,1043207,188094,19759,13112,12820,19038,22375,4110,1
54,67,80050,25482,20111,17715,10724,10046,7148,13710,1
50,56,324206,93162,10184,15113,16129,29959,12494,8118,1
16,44,30390,45449,9089,19863,12915,8436,5436,5934,1
54,69,389387,86710,53952,45822,10462,26987,9143,4558,1
56,67,32213,49258,14349,5022,9802,9685,5351,3868,1
60,64,12678,10241,10820,7813,6814,6456,9462,4954,1
47,80,55423,38355,13704,15110,5573,4736,7246,3452,1
50,81,130908,25009,29688,12844,7192,16120,9416,10008,1
64,77,26153,20278,4699,3137,2316,19328,12865,4307,1
60,63,25235,39918,7141,4529,7270,5874,5279,4344,1
40,34,946080,73900,11832,9151,9798,4318,3415,1233,1
26,14,99478,13166,2062,1806,2170,1903,1498,1182,1
13,80,442506,130634,51640,18783,7507,9000,14798,8362,1
27,84,45473,10652,18968,9258,10721,17425,3590,7352,1
48,64,32665,57190,16369,9137,23050,15591,12165,6982,1
60,61,13464,21986,6537,8751,8768,6581,3377,3535,1
56,64,8130,6192,16621,13246,12183,12740,6021,2295,1
44,67,923939,197980,80086,11045,9439,6290,6360,6922,1
21,51,895038,634163,37696,50597,31239,42481,8866,3319,1
51,48,101290,74603,5150,3161,6653,10996,1756,895,1
40,40,533656,76115,14967,8226,12975,16104,3462,4119,1
70,48,46611,21649,2392,3026,9375,24399,5180,1476,1
56,44,1029185,227594,36570,18202,23540,8391,3720,1990,1
60,47,100912,39874,9220,8825,11444,12960,2899,5080,1
61,30,19179,27453,4531,4007,8917,11251,6291,3446,1
38,40,394334,244213,45024,15994,19626,16805,10606,8787,1
51,41,98832,48723,1985,24583,6926,22986,10443,3232,1
57,50,51474,15271,3661,15209,4330,24940,11826,4427,1
26,56,629410,182779,41820,23962,9781,11253,11590,7851,1
40,63,1487845,322698,14730,20140,13203,22576,18314,1838,1
44,69,24621,13871,22440,6083,7008,10278,6137,3364,1
53,66,59962,35422,7085,25512,5941,11250,5872,4006,1
48,63,8719,20400,3363,10610,10284,5410,6567,2529,1
53,87,34243,17262,17397,24613,16967,6648,8868,2553,1
40,69,681842,42467,4669,2932,1780,2831,1441,314,1
53,61,19289,15567,7855,5343,11253,21546,3581,4095,1
61,66,3885,9408,16374,1547,6119,10172,8139,4357,1
66,63,13557,11320,13600,1765,4785,5536,5718,1662,1
26,54,158590,23649,1584,4608,2004,763,526,424,1
54,70,381454,44759,25070,14216,4923,4670,3162,640,1
21,48,1790773,462822,26389,16724,26245,18374,24610,12725,1
14,23,532455,82603,6659,270,5056,4134,3160,1390,1
29,17,63601,44103,22411,10262,16925,28435,13179,11842,1
37,29,641067,64161,18957,9958,12625,12015,13199,2133,1
41,61,92460,50215,10659,4959,1776,4335,1370,1599,1
44,61,4470,23808,22582,7651,14735,29471,5354,1824,1
44,61,4470,23808,22582,7651,14735,29471,5354,1824,1
60,60,81850,14576,1635,5187,2611,4353,1573,418,1
74,48,2070446,271566,7117,26048,18367,18081,7268,3399,1
61,53,1000656,26839,20975,18697,17010,9199,4485,2068,1
61,50,24858,25664,11071,4435,11295,16490,11639,2057,1
54,57,103230,45232,10023,31089,10242,19966,8600,7004,1
43,60,1111433,140966,4128,16519,4451,2522,1114,470,1
41,53,120181,16731,4131,4314,2859,2670,2955,351,1
47,56,9501,2618,4694,4504,10489,8536,6242,3252,1
47,53,347123,59530,19057,10377,3681,16497,6759,1190,1
77,60,12584,14462,4799,5748,14859,14074,7453,1673,1
56,56,13570,20026,30070,5166,3872,18494,7553,3914,0
67,70,7620,26984,30804,7656,12789,26803,8972,6951,0
75,54,7825,10869,6668,1914,5539,10503,6017,4184,0
70,64,387782,230232,65402,18107,28217,15059,3120,1577,0
78,61,34451,12396,5535,6452,11860,22525,7308,1232,0
83,57,15979,7921,6262,2126,2372,12930,12262,2815,0
77,64,10137,35566,30010,7139,5585,17587,8004,1871,0
93,57,11394,20475,2612,3592,4523,10020,9371,2043,0
83,60,64032,26233,6635,6689,8331,13285,5538,5512,0
11,51,286455,44091,1377,3003,1447,2329,1839,309,1
16,44,78115,87186,21420,3036,4995,2767,1358,1554,1
34,51,999168,13591,6645,4877,18435,11578,9047,4115,1
56,64,600418,22104,5358,5878,4265,2093,699,597,1
56,64,600418,22104,5358,5878,4265,2093,699,597,1
44,74,281809,19233,13267,10195,8506,5562,2118,1585,1
63,60,10915,5879,4577,2610,2884,15463,6604,14128,1
63,60,10915,5879,4577,2610,2884,15463,6604,14128,1
75,66,1767,13733,9680,8314,4226,6988,7343,4315,1
41,83,12330,13379,25825,17782,14052,26822,8430,9205,1
43,74,360145,23163,5110,15917,4297,8061,2313,1804,1
57,80,43016,13424,8593,2569,1450,4503,2222,478,1
69,77,8788,25966,4860,4907,6491,12150,8064,2078,1
66,69,12518,18333,9093,7315,7629,8878,15216,3535,1
74,66,10080,24307,17013,1761,6899,16825,21162,5582,1
54,53,769206,435854,53120,5883,5143,11453,4286,1503,1
63,54,19104,23275,9886,4796,3692,31231,9892,2745,1
77,44,18867,17610,1407,8801,6717,29879,9093,4592,1
77,47,13303,25115,13314,14018,4404,22932,12772,5720,1
64,40,15644,63273,22190,9643,15411,23135,8740,3629,0
60,78,1769155,178545,8025,51508,39678,22068,67829,23594,0
50,64,383319,33310,10718,18196,12803,15979,11980,8679,0
43,53,35407,104177,15078,5569,11283,10960,6050,3777,0
47,56,482775,100806,19453,29841,11507,20289,17176,5853,0
51,67,13450,9643,23057,4564,10099,7498,6248,4735,0
48,63,37476,47765,8178,13185,10543,13206,7589,5779,0
48,66,670784,72555,8336,8826,6837,6897,2536,1159,0
48,64,21363,96059,10467,28136,8956,16680,8423,2830,0
44,56,238327,88559,39985,14331,21728,16863,33980,11129,0
70,54,140483,15290,6434,8270,2012,8393,6514,1830,1
47,37,2901012,125104,27322,22333,25850,22978,36879,19885,1
35,48,641547,47687,5142,13857,4550,7788,10663,2142,1
48,57,38275,8795,2607,4593,2262,3092,3267,1925,1
44,63,29880,57629,22731,18821,15216,9279,5445,1688,1
50,70,11553,17857,21587,3448,8718,7202,14179,8591,1
43,78,118123,520921,133798,110016,19229,47322,90086,10166,1
34,69,1119710,59772,4947,10212,3253,5047,10391,2195,1
23,56,594732,67299,9571,1727,4807,2113,5595,3700,1
35,74,330273,169854,23086,12431,5133,8014,3283,3109,1
20,75,137616,18977,5914,3945,550,1527,1436,1896,1
29,69,1853715,67064,41161,9658,8729,25229,9770,7958,1
47,67,33129,16298,6447,4421,3536,8825,1730,1290,1
51,78,1202883,18624,22127,15497,4523,5526,1352,923,1
74,88,7484,11285,17913,11181,5230,17705,7560,4404,1
61,84,636866,36174,9145,2594,4944,3650,4096,3278,1
64,81,559674,17525,10335,20661,10683,6454,7870,5435,1
51,74,212633,140878,28624,12222,14656,16859,12146,8337,1
50,34,111571,40697,14135,3020,2472,5386,1536,1741,0
40,61,2001196,45793,16416,21735,17807,19981,13766,5938,0
38,78,41185,4731,44603,9307,5976,4461,5277,1665,0
53,83,8867,18456,7905,6077,4685,8730,9777,2745,0
44,66,873689,323777,23786,8430,21022,16784,3095,5155,0
43,69,33536,14717,21582,4718,3716,7032,8071,2322,0
60,48,18020,7894,2056,6950,12905,9305,3363,6114,0
56,50,21969,23744,14357,5292,6148,8054,3742,3086,0
63,57,252223,117070,17082,17752,14263,16364,6714,2326,0
66,50,126840,22405,5652,8601,6872,9719,17350,3443,0
48,41,117021,119937,42613,15269,7163,16866,9435,4651,0
23,51,1689208,432450,105000,27109,20439,29385,15781,4375,0
40,51,27097,35716,5553,18460,8739,21928,5530,5122,0
40,41,67607,59536,3684,2923,752,4311,5130,1776,0
38,38,231175,272494,45385,15824,2973,13902,5216,2048,0
43,38,98193,17674,12982,4060,5732,7545,3772,1370,0
50,40,10832,2679,3442,962,3617,5452,1241,974,0
53,38,1336255,188445,8174,10222,10725,19942,8951,6206,0
60,37,101014,207248,34434,6760,14265,22138,18998,3300,0
30,27,93325,103698,11853,1653,2098,7715,2538,778,0
21,34,615949,622403,2778,20371,23491,34695,17044,4905,0
38,27,18082,31125,4435,11479,12779,27412,11392,3660,0
44,30,1595054,28131,24699,2202,10910,3527,3390,593,0
56,29,19500,14232,5839,2041,5803,9120,11432,2760,0
54,51,115884,19999,2907,7577,3351,1315,1533,389,0
47,57,15328,17670,6630,11542,18489,8362,9149,1615,0
60,47,3888,14615,2326,2308,6448,5823,6834,5052,0
48,51,8418,35132,14719,5092,3581,5627,7455,2297,0
51,24,9507,29294,2123,3549,9552,6221,8560,8674,1
44,56,393260,113113,18821,9255,8680,8420,3100,912,1
21,47,1577362,234442,25464,2958,6812,9030,12465,8641,1
13,24,17006,62247,950,3558,7532,3916,3086,1236,1
37,20,155076,28157,15593,9119,8014,41319,12336,11081,1
37,23,876674,131270,51816,8965,39560,10964,17205,8174,1
56,63,13844,14079,7530,19110,4257,7509,6552,6706,1
51,66,2703,11246,5774,7809,4643,11815,3406,2640,1
57,67,1755284,83111,27731,15680,14966,14497,7453,4475,1
75,60,6324,6986,995,3482,8887,8406,6839,1279,1
54,53,88536,2075,2399,1228,1771,855,397,314,0
88,43,15186,38646,4524,952,14341,14475,4950,1597,0
75,40,462048,66985,25094,21748,13668,10829,4590,2584,0
60,43,272546,31913,14720,16362,11334,4538,886,1129,0
43,51,109153,29894,22440,13872,20522,6428,7606,7379,0
37,80,63670,25907,73526,6938,7857,15848,10190,9481,0
50,81,83625,4718,8250,169,3994,5213,3390,1031,0
61,80,109123,59724,31736,25776,14123,28726,9979,2370,0
75,53,548313,82056,8678,5666,12572,6471,3661,3259,0
27,50,90469,15611,3220,4928,2597,3714,3811,1007,1
47,35,65772,30198,2277,998,1404,1386,985,845,1
37,53,44779,22440,22252,28355,9568,15005,15227,2761,1
38,44,33548,30360,3744,12267,8385,12466,12887,5551,1
44,51,188463,19760,11939,1817,6698,4083,2335,1214,1
63,53,96144,53820,1975,7984,10939,21424,8223,8815,1
57,37,24423,12151,1960,5636,14682,13240,15666,4360,1
70,35,7150,8520,3776,6268,5462,10756,9313,3845,1
56,43,744224,106070,17676,26747,9461,8574,14165,5895,1
34,37,84603,16516,2112,5238,7557,2608,18461,2830,0
17,41,748955,165400,3424,17702,9419,5693,6027,4553,0
10,50,975138,441586,341042,64255,48144,34078,57517,23946,0
43,40,263283,65073,6128,5771,10344,35369,9009,2710,0
61,48,25059,29234,8280,5265,9227,10991,14566,15238,0
61,37,379766,294627,51744,21661,28573,15932,10210,2823,0
56,50,78355,15788,16922,59546,9429,14612,7406,5116,0
35,69,843009,160284,13218,49038,12194,15048,3935,2663,0
51,83,158716,16610,33461,11605,10800,18953,6567,9219,0
16,47,962659,39957,13445,2531,1777,3453,584,154,1
40,56,110159,47419,7923,34712,9609,13450,14164,9035,1
35,56,389728,356870,46374,24354,13955,11939,9100,2887,1
30,64,65674,25826,105188,27271,33005,17172,14000,10777,1
35,69,15029,40694,41797,11413,19003,14049,12930,3074,1
51,54,7648,16164,1188,3147,8174,23910,10220,1966,1
70,69,19233,10886,39905,3578,7371,14574,10641,6241,1
66,41,297466,65138,1990,3355,8386,4534,2425,722,1
77,44,1525,5725,16428,6141,2732,14978,24267,2520,1
57,63,7112,13908,50344,16454,23840,27682,37121,11515,1
51,54,1101432,541748,26848,74843,82392,18809,30682,8539,1
34,35,77073,28489,2648,697,2584,1345,1080,423,1
35,27,20611,48833,1936,5761,7818,27265,6533,4777,1
29,16,166609,91155,10565,4500,2105,5750,2688,617,1
29,16,187331,48503,3627,3033,10559,2247,2484,959,1
17,37,30373,5108,9345,1672,3525,2548,1842,1346,1
34,44,70057,100358,9514,8469,5175,5265,1374,635,1
37,61,472811,18085,3921,17970,5834,2572,1905,880,1
53,61,28965,38383,12695,11004,11827,19673,18671,8839,1
54,51,326427,39982,5228,6085,3646,5922,2684,1658,1
74,51,47170,18898,12228,5606,5380,23518,14322,2391,1
50,43,1350621,82122,17054,14488,17131,7819,3625,1337,1
56,41,24457,13588,902,2428,1388,4599,1973,1705,1
41,43,670197,116105,10527,61127,26036,22711,16256,4107,1
87,37,14621,6555,2024,4482,7696,34685,4117,4735,1
70,30,188148,44321,4094,1930,2687,2784,926,803,1
34,34,30127,11121,2995,1872,1856,3670,1938,1156,1
54,27,38874,150255,43918,11546,3130,3355,1101,921,1
30,35,1454313,51773,9706,9761,7805,6099,1917,1796,1
41,34,117950,17733,389,3487,2586,4120,1843,1905,1
14,47,189794,55452,19260,15770,10650,3776,1349,1603,1
40,44,45020,14659,4653,5357,7715,11984,11681,3528,1
44,41,2820,7863,7532,1838,10548,10292,9408,1694,1
44,41,2820,7863,7532,1838,10548,10292,9408,1694,1
44,41,2820,7863,7532,1838,10548,10292,9408,1694,1
24,23,141193,68673,16966,3238,4800,2997,1826,652,1
81,53,1302383,1002565,155429,210913,71343,140303,67569,13305,1
41,56,2319792,194488,210925,52680,52555,31692,37055,11392,1
17,67,748961,278211,73499,10976,11473,17484,23404,5872,1
24,84,1083793,8488,16053,34278,21085,15071,22258,4587,1
34,64,578170,118452,19823,9087,9779,21370,8778,6486,1
41,54,687430,104376,40137,15965,7186,11525,5465,1408,1
54,56,239515,47188,6189,15470,7263,10311,8618,2239,1
51,41,137237,33144,3601,11055,4981,9133,4802,2471,1
53,51,78902,88874,44207,16514,10021,27371,10143,8895,1
53,51,78902,88874,44207,16514,10021,27371,10143,8895,1
70,24,1535959,263996,23016,8381,21299,28159,17853,12086,1
34,14,602539,559988,48050,20162,20692,20322,15170,5434,1
14,23,203242,188103,15087,8793,37707,15080,8118,6417,1
23,27,19273,53602,13574,27387,8494,18854,6138,5785,1
23,27,19273,53602,13574,27387,8494,18854,6138,5785,1
51,48,122372,10563,7567,1617,1930,3633,2927,1394,1
51,53,354546,148635,8015,17409,26146,12825,11275,14726,1
47,53,47481,16770,4356,9907,4180,4485,1799,1002,1
57,60,6579,15811,13887,21284,4128,15160,7995,5270,1
67,54,3901,10696,2726,8032,9850,9996,10326,5589,1
51,8,254280,84160,12711,30352,25411,22027,18527,27035,0
56,40,1947,13755,1390,8509,23039,9871,7329,6601,0
40,23,234233,144896,5376,6704,15591,5909,6522,1178,0
43,30,106738,168034,139189,92727,20195,51145,10635,17772,0
50,34,1011713,82397,20233,16013,11303,25586,46023,4692,0
61,48,648799,80412,14545,15389,15177,22960,42314,16282,0
53,23,909676,77590,4717,5547,4791,5190,7125,5421,0
69,24,10933,10072,11461,5218,11340,29334,21290,9674,0
41,44,107469,23399,3680,4435,2060,5384,8424,3112,1
54,26,241940,30222,2122,1124,3351,4007,1637,2382,1
70,27,83324,23572,9509,6877,4859,32622,14443,6880,1
70,35,49047,60661,57392,19011,21054,27356,9281,5678,1
60,43,769148,94158,67681,9911,15876,13798,14278,9426,1
57,48,301774,403321,24725,26575,8133,41803,13431,4635,1
38,38,22729,31066,8929,4862,5118,12539,3261,1710,1
54,26,43299,36783,7912,10068,13304,24376,15928,2782,1
70,48,13355,12325,18929,17236,11326,21718,11468,11204,1
97,44,6286,13472,6073,4745,11903,24046,5637,4486,1
37,66,62719,258039,53549,17412,27031,22503,32123,17593,0
41,70,32538,3603,1539,334,1601,1515,4256,711,0
64,61,20905,14979,4783,24085,23629,19253,9825,12958,0
63,40,230588,49424,7423,3738,4798,7789,4068,5824,0
67,44,224334,19978,21361,7670,30365,20742,16943,14962,0
61,44,612126,195335,34953,20812,9667,17469,21741,8044,0
47,44,1769567,468346,85682,162353,24951,56270,53644,10168,0
38,53,2760328,254348,79574,29151,39639,24255,22745,18261,0
14,29,463261,186863,7425,2270,2436,6061,8328,7070,0
27,35,11790,58289,8047,28881,13892,29862,18350,8088,0
56,54,8344,88232,18540,12596,24975,16308,6030,6550,1
38,50,38106,23939,10954,6289,4985,2351,1585,1454,1
37,50,53582,12175,5072,1868,2345,2922,5185,1271,1
41,56,38189,5714,1755,5659,2955,5078,1644,1861,1
47,48,194524,20313,5833,907,1612,2698,2106,1397,1
47,57,292244,39519,8882,11730,5348,4077,3051,2030,1
47,61,24885,7754,2311,3736,2067,1940,1557,587,1
43,57,6749,18012,8467,8411,12768,10524,6175,5930,1
53,66,22870,21982,15649,5503,3516,10453,3266,5652,1
53,64,59437,10512,12837,4169,7840,10814,5087,11133,1
78,40,7939,42484,9154,12571,6678,19641,10270,3295,1
51,64,51009,28194,4382,5655,8865,2776,1805,580,1
51,70,37035,12717,12921,22036,11923,7147,7812,6850,1
38,69,87789,20404,2449,3367,2180,1784,988,293,1
16,41,119272,97192,6958,2584,3316,2170,3396,704,1
7,41,92612,135649,15265,15466,3585,3808,4758,2694,1
24,56,118137,20623,57716,18462,11710,23150,5934,8657,1
60,53,164614,8648,6289,2323,4873,7178,3834,1984,1
60,35,483542,44429,8679,5605,3551,9892,3657,1418,1
43,27,354536,73697,21599,8843,16012,5741,4166,944,1
43,35,2056098,62222,15632,5448,10213,26057,10367,4415,1
40,35,281094,26539,4163,3614,2853,3923,2903,1745,1
35,23,34314,41460,1673,1804,1710,2344,2171,264,1
48,21,23769,38255,13792,5784,14366,16239,20009,5577,1
50,29,31976,34417,11302,23564,14694,24594,18060,4726,1
53,44,82624,32462,3707,34274,8675,11521,14706,5293,1
66,56,7782,40686,2545,10550,5325,12726,4606,6455,1
57,61,13765,31190,11063,8506,6561,12631,12123,3952,1
40,66,59441,18352,5798,12016,2110,3133,1447,1350,1
41,66,38246,23521,8129,10915,14542,12562,18072,3451,1
38,69,64700,36791,19868,3767,3278,2333,2371,1805,1
43,69,67177,27493,15396,6827,9925,12857,6073,5849,1
35,50,243946,66458,5271,5028,4189,2794,3621,2125,1
47,43,284649,86542,18337,14942,18071,19081,7860,4612,1
38,40,24935,8246,11530,13167,7058,13131,4797,5188,1
57,50,14962,16443,9777,2316,5503,9996,4363,3584,1
37,44,398180,18848,4840,4171,3258,1411,1399,1027,1
26,48,137973,44522,4716,5610,8472,5437,5359,1625,1
38,47,257782,11181,5609,4075,6697,2895,2430,1409,1
44,60,63123,5611,3932,2266,948,1675,926,309,1
41,38,336936,100215,8952,6309,13910,8692,9602,8035,1
47,44,596910,36869,12199,24169,15319,17736,18671,8475,1
54,37,21785,27330,9961,12364,13235,21038,35193,10727,1
43,67,1230078,78302,59770,23919,25354,9783,18301,6651,0
50,57,12093,44887,1510,27096,20589,20412,5943,6461,0
51,74,125368,21148,17177,26627,12753,16447,6280,9669,0
56,74,35360,9915,15687,22470,23918,10386,11586,9140,0
61,81,45808,7683,12118,14495,13856,17263,17418,8034,0
44,64,633882,114026,10815,16900,7481,6006,7276,2517,0
43,69,1137188,838916,123184,384969,39305,82056,82276,33470,0
29,57,1010517,325999,38507,77189,46911,20166,31935,39440,0
8,41,1464423,437783,50193,23853,17558,22840,20551,7518,0
37,64,2463453,115250,58706,36878,24952,24732,8224,2375,0
41,66,100532,16479,4763,6333,1814,2474,2941,2037,0
44,75,99505,25148,25270,12328,4356,9504,3817,3619,0
44,77,12177,7913,6705,38437,25383,7009,9490,6382,0
44,70,72096,68987,14367,16320,16605,7539,7548,1767,0
48,75,8664,34354,9097,11877,30712,15887,9872,10212,0
47,77,2500821,88007,108096,23953,4167,27410,19275,6709,0
35,57,152977,92801,18533,6856,7013,4229,4988,1980,0
38,54,121691,23084,2884,4612,2793,3189,8665,940,0
26,61,1577171,37756,25060,8361,30206,6052,6126,5691,0
16,56,1568858,112886,8294,11150,13440,11686,5304,5398,1
21,26,531647,484633,39435,25132,26629,38136,19648,20481,1
17,29,471355,49558,3132,8679,4305,3607,4120,2747,1
16,23,147452,178842,23234,5808,19018,10088,13906,6397,1
27,29,1911031,67432,53498,18672,17765,28958,37100,2960,1
27,48,3014621,68231,24505,34920,28526,9107,4153,2304,1
41,57,79380,50769,18511,16806,7335,20106,21412,2786,1
60,70,23160,24008,5414,18390,8074,15476,16760,5360,1
54,64,24462,17796,5145,4173,5467,3519,2654,470,1
77,48,13972,14130,2812,4750,25106,14322,5950,7176,1
66,47,335677,809767,91170,95154,52438,131730,113236,41792,1
44,64,628569,50236,1710,9554,35595,24493,8938,7852,1
53,53,31017,8083,3600,514,4104,1836,1793,1616,1
60,53,7474,8047,12358,15748,18121,5399,7767,1883,1
64,47,5978,24170,5722,12429,19710,10794,14815,2151,1
64,44,148649,69589,22179,13418,8295,17551,3635,3123,1
60,51,81334,12452,3009,11774,15442,10633,7697,4624,1
54,50,24878,22832,10883,1101,4466,4919,1543,817,1
14,13,991870,211246,5180,3569,4720,3952,7986,2624,1
24,24,276726,55809,3339,42528,6566,25821,7525,3859,1
38,64,899651,60402,20627,27100,26941,21004,22506,3727,1
43,63,1400882,120266,10669,28458,43663,17411,8713,8077,1
37,44,91260,28384,2998,809,6521,3636,1867,1734,1
50,51,28735,17104,10395,38317,25943,10569,9774,8159,1
50,50,249913,33588,7208,9819,4654,10488,7546,4029,1
54,54,141226,38104,16097,11888,36769,15291,7797,3311,1
64,81,30136,6741,4564,24403,10303,11192,6937,2497,1
75,74,4234,23959,7034,16639,12712,21495,8728,2701,1
44,53,73274,23853,8323,7558,8488,2574,4896,1139,1
47,64,38262,62522,27602,12052,21801,11158,4076,2286,1
40,53,581531,323403,6905,13514,44345,24831,20425,12468,1
60,40,1885188,62403,8145,13942,45385,47101,15801,6835,1
69,23,2716,14110,5743,4243,21611,17890,10490,3938,1
74,23,6067,15861,9673,10263,22815,5667,9243,3854,1
80,56,4219,15796,24945,19658,17520,8323,6093,3341,1
66,75,6017,26341,11202,17026,6364,7440,6771,3317,1
54,81,10931,30298,2865,15859,15391,10629,8763,2655,1
37,51,236627,70961,13376,4746,5066,5162,1045,1293,0
34,35,144793,52231,592,4807,3963,2859,1984,2129,0
27,37,391579,81641,8137,7259,4734,6298,5008,2758,0
41,48,122370,8457,5499,3898,3426,3900,1548,1408,0
47,43,27134,12602,6275,8171,17335,11258,4608,1904,0
70,64,4866,5770,13574,3655,6627,14654,7230,2333,0
81,63,96694,13273,848,2543,5395,3690,1625,582,0
64,51,585707,53809,8711,5343,10268,2570,4883,801,0
48,51,162579,32615,9253,5618,4134,2994,1460,632,0
34,38,2518161,683133,194634,30081,47502,73611,53554,14237,1
30,29,1991688,312279,7478,6166,15854,13539,7689,13705,1
38,41,182628,7339,3167,7489,3497,3049,4284,1141,1
29,30,167777,70089,6474,4295,7410,6941,2012,534,1
47,37,64253,20388,27586,9061,25921,24351,14247,7193,1
56,63,56127,37588,16402,14699,22532,9406,21019,4946,1
51,57,205929,7954,1447,2930,1137,1110,365,573,1
60,63,349403,26161,3587,4587,4244,7246,1785,560,1
53,63,4576,45511,21964,8854,5745,15840,12604,6398,1
66,61,193653,11748,6025,3289,1521,12853,1979,879,1
29,56,1673863,321758,32983,44315,26866,28612,26722,11296,1
27,56,1101994,544387,156642,57180,35851,41038,21363,16170,1
38,66,27709,9262,5044,12772,19719,5901,2958,1556,1
50,60,12578,14328,4249,18365,36566,17571,12373,7874,1
69,78,132772,16271,4792,3528,2946,3091,2157,1422,1
78,78,12341,6189,4970,8609,10009,12081,11033,10564,1
74,75,98970,33920,15382,11384,2618,6114,3865,3112,1
40,61,360910,57206,27955,28847,40645,45094,45460,12873,1
51,54,658730,96781,9953,16954,8340,24256,5114,4194,1
48,61,2115616,77360,56255,5554,19781,17196,10786,5483,1
35,57,1468206,130139,18332,11021,14841,12648,12857,5854,1
54,56,126511,14313,14183,1810,10177,11078,8020,8164,1
57,70,102273,69534,63569,25866,12781,25175,12671,3554,1
63,77,322461,107837,15495,34400,31897,20148,15928,4205,1
61,77,194379,17695,10480,5627,12162,10539,11801,4873,1
43,34,31485,12728,1060,1544,1362,3020,1680,588,1
48,24,1121673,245216,1882,21395,69877,35791,45381,26567,1
43,23,87593,624205,92637,14580,85576,97672,82616,50483,1
41,23,535559,184591,69022,20500,34664,50474,44655,6831,1
63,14,86024,28506,1297,4698,12848,23375,13659,3145,1
56,27,211235,65586,3015,14942,7965,4976,2382,1674,1
60,43,143943,34635,24635,9173,10762,12689,10951,9445,1
50,41,426907,280413,38018,44956,27813,23570,22622,5442,1
38,51,82473,66681,9979,10966,11988,15038,36537,15801,1
69,53,172698,51384,6469,8586,15052,10439,4996,1149,0
43,61,1311040,194047,38080,22369,12038,13451,9429,6777,0
38,69,67632,26088,1787,38856,17759,32110,20976,17907,0
60,81,6856,38980,23746,27937,11034,13200,13375,6037,0
74,83,17469,41001,11048,20576,12057,15944,3552,8960,0
63,90,15750,25920,8708,33113,10559,9590,8629,2453,0
53,83,168553,19221,9014,3070,2921,4582,4302,2541,0
57,75,26162,32309,5461,11312,6926,10112,3012,4101,0
50,64,335132,22042,2086,2974,2395,2619,1477,341,0
54,81,344636,78479,57195,69515,18465,25819,16633,3860,1
30,66,87153,10367,1240,1261,1566,754,1273,313,1
17,26,702615,133212,13703,14977,26204,12358,16145,15483,1
37,21,203822,43775,1917,7365,6859,9140,13373,1927,1
38,21,266240,214553,38898,13831,24322,20496,25353,7954,1
37,37,343403,42891,13156,6681,8657,5917,4728,2462,1
43,51,28955,17299,16262,12187,11022,8051,4634,2598,1
56,63,10688,13224,7393,10389,4890,25961,5425,2859,1
56,61,663238,195781,18076,17549,14353,16894,27752,4993,1

