81,53,1302383,1002565,155429,210913,71343,140303,67569,13305,2
41,56,2319792,194488,210925,52680,52555,31692,37055,11392,2
17,67,748961,278211,73499,10976,11473,17484,23404,5872,2
24,84,1083793,8488,16053,34278,21085,15071,22258,4587,2
34,64,578170,118452,19823,9087,9779,21370,8778,6486,2
41,54,687430,104376,40137,15965,7186,11525,5465,1408,2
54,56,239515,47188,6189,15470,7263,10311,8618,2239,2
51,41,137237,33144,3601,11055,4981,9133,4802,2471,2
53,51,78902,88874,44207,16514,10021,27371,10143,8895,2
70,24,1535959,263996,23016,8381,21299,28159,17853,12086,2
34,14,602539,559988,48050,20162,20692,20322,15170,5434,2
14,23,203242,188103,15087,8793,37707,15080,8118,6417,2
23,27,19273,53602,13574,27387,8494,18854,6138,5785,2
23,27,19273,53602,13574,27387,8494,18854,6138,5785,2
51,48,122372,10563,7567,1617,1930,3633,2927,1394,2
51,53,354546,148635,8015,17409,26146,12825,11275,14726,2
47,53,47481,16770,4356,9907,4180,4485,1799,1002,2
57,60,6579,15811,13887,21284,4128,15160,7995,5270,2
67,54,3901,10696,2726,8032,9850,9996,10326,5589,2
51,8,254280,84160,12711,30352,25411,22027,18527,27035,0
56,40,1947,13755,1390,8509,23039,9871,7329,6601,0
40,23,234233,144896,5376,6704,15591,5909,6522,1178,0
43,30,106738,168034,139189,92727,20195,51145,10635,17772,0
50,34,1011713,82397,20233,16013,11303,25586,46023,4692,0
61,48,648799,80412,14545,15389,15177,22960,42314,16282,0
53,23,909676,77590,4717,5547,4791,5190,7125,5421,0
69,24,10933,10072,11461,5218,11340,29334,21290,9674,0
41,44,107469,23399,3680,4435,2060,5384,8424,3112,2
54,26,241940,30222,2122,1124,3351,4007,1637,2382,2
70,27,83324,23572,9509,6877,4859,32622,14443,6880,2
70,35,49047,60661,57392,19011,21054,27356,9281,5678,2
60,43,769148,94158,67681,9911,15876,13798,14278,9426,2
57,48,301774,403321,24725,26575,8133,41803,13431,4635,2
38,38,22729,31066,8929,4862,5118,12539,3261,1710,2
54,26,43299,36783,7912,10068,13304,24376,15928,2782,2
70,48,13355,12325,18929,17236,11326,21718,11468,11204,2
97,44,6286,13472,6073,4745,11903,24046,5637,4486,2
37,66,62719,258039,53549,17412,27031,22503,32123,17593,0
41,70,32538,3603,1539,334,1601,1515,4256,711,0
64,61,20905,14979,4783,24085,23629,19253,9825,12958,0
63,40,230588,49424,7423,3738,4798,7789,4068,5824,0
67,44,224334,19978,21361,7670,30365,20742,16943,14962,0
61,44,612126,195335,34953,20812,9667,17469,21741,8044,0
47,44,1769567,468346,85682,162353,24951,56270,53644,10168,0
38,53,2760328,254348,79574,29151,39639,24255,22745,18261,0
14,29,463261,186863,7425,2270,2436,6061,8328,7070,0
27,35,11790,58289,8047,28881,13892,29862,18350,8088,0
56,54,8344,88232,18540,12596,24975,16308,6030,6550,2
38,50,38106,23939,10954,6289,4985,2351,1585,1454,2
37,50,53582,12175,5072,1868,2345,2922,5185,1271,2
41,56,38189,5714,1755,5659,2955,5078,1644,1861,2
47,48,194524,20313,5833,907,1612,2698,2106,1397,2
47,57,292244,39519,8882,11730,5348,4077,3051,2030,2
47,61,24885,7754,2311,3736,2067,1940,1557,587,2
43,57,6749,18012,8467,8411,12768,10524,6175,5930,2
53,66,22870,21982,15649,5503,3516,10453,3266,5652,2
53,64,59437,10512,12837,4169,7840,10814,5087,11133,2
78,40,7939,42484,9154,12571,6678,19641,10270,3295,2
51,64,51009,28194,4382,5655,8865,2776,1805,580,2
51,70,37035,12717,12921,22036,11923,7147,7812,6850,2
38,69,87789,20404,2449,3367,2180,1784,988,293,2
16,41,119272,97192,6958,2584,3316,2170,3396,704,2
7,41,92612,135649,15265,15466,3585,3808,4758,2694,2
24,56,118137,20623,57716,18462,11710,23150,5934,8657,2
60,53,164614,8648,6289,2323,4873,7178,3834,1984,2
60,35,483542,44429,8679,5605,3551,9892,3657,1418,2
43,27,354536,73697,21599,8843,16012,5741,4166,944,2
43,35,2056098,62222,15632,5448,10213,26057,10367,4415,2
40,35,281094,26539,4163,3614,2853,3923,2903,1745,2
35,23,34314,41460,1673,1804,1710,2344,2171,264,2
48,21,23769,38255,13792,5784,14366,16239,20009,5577,2
50,29,31976,34417,11302,23564,14694,24594,18060,4726,2
53,44,82624,32462,3707,34274,8675,11521,14706,5293,2
66,56,7782,40686,2545,10550,5325,12726,4606,6455,2
57,61,13765,31190,11063,8506,6561,12631,12123,3952,2
40,66,59441,18352,5798,12016,2110,3133,1447,1350,2
41,66,38246,23521,8129,10915,14542,12562,18072,3451,2
38,69,64700,36791,19868,3767,3278,2333,2371,1805,2
43,69,67177,27493,15396,6827,9925,12857,6073,5849,2
35,50,243946,66458,5271,5028,4189,2794,3621,2125,2
47,43,284649,86542,18337,14942,18071,19081,7860,4612,2
38,40,24935,8246,11530,13167,7058,13131,4797,5188,2
57,50,14962,16443,9777,2316,5503,9996,4363,3584,2
37,44,398180,18848,4840,4171,3258,1411,1399,1027,2
26,48,137973,44522,4716,5610,8472,5437,5359,1625,2
38,47,257782,11181,5609,4075,6697,2895,2430,1409,2
44,60,63123,5611,3932,2266,948,1675,926,309,2
41,38,336936,100215,8952,6309,13910,8692,9602,8035,2
47,44,596910,36869,12199,24169,15319,17736,18671,8475,2
54,37,21785,27330,9961,12364,13235,21038,35193,10727,2
43,67,1230078,78302,59770,23919,25354,9783,18301,6651,0
50,57,12093,44887,1510,27096,20589,20412,5943,6461,0
51,74,125368,21148,17177,26627,12753,16447,6280,9669,0
56,74,35360,9915,15687,22470,23918,10386,11586,9140,0
61,81,45808,7683,12118,14495,13856,17263,17418,8034,0
44,64,633882,114026,10815,16900,7481,6006,7276,2517,0
43,69,1137188,838916,123184,384969,39305,82056,82276,33470,0
29,57,1010517,325999,38507,77189,46911,20166,31935,39440,0
8,41,1464423,437783,50193,23853,17558,22840,20551,7518,0
37,64,2463453,115250,58706,36878,24952,24732,8224,2375,0
41,66,100532,16479,4763,6333,1814,2474,2941,2037,0
44,75,99505,25148,25270,12328,4356,9504,3817,3619,0
44,77,12177,7913,6705,38437,25383,7009,9490,6382,0
44,70,72096,68987,14367,16320,16605,7539,7548,1767,0
48,75,8664,34354,9097,11877,30712,15887,9872,10212,0
47,77,2500821,88007,108096,23953,4167,27410,19275,6709,0
35,57,152977,92801,18533,6856,7013,4229,4988,1980,0
38,54,121691,23084,2884,4612,2793,3189,8665,940,0
26,61,1577171,37756,25060,8361,30206,6052,6126,5691,0
16,56,1568858,112886,8294,11150,13440,11686,5304,5398,2
21,26,531647,484633,39435,25132,26629,38136,19648,20481,2
17,29,471355,49558,3132,8679,4305,3607,4120,2747,2
16,23,147452,178842,23234,5808,19018,10088,13906,6397,2
27,29,1911031,67432,53498,18672,17765,28958,37100,2960,2
27,48,3014621,68231,24505,34920,28526,9107,4153,2304,2
41,57,79380,50769,18511,16806,7335,20106,21412,2786,2
60,70,23160,24008,5414,18390,8074,15476,16760,5360,2
54,64,24462,17796,5145,4173,5467,3519,2654,470,2
77,48,13972,14130,2812,4750,25106,14322,5950,7176,2
66,47,335677,809767,91170,95154,52438,131730,113236,41792,2
44,64,628569,50236,1710,9554,35595,24493,8938,7852,2
53,53,31017,8083,3600,514,4104,1836,1793,1616,2
60,53,7474,8047,12358,15748,18121,5399,7767,1883,2
64,47,5978,24170,5722,12429,19710,10794,14815,2151,2
64,44,148649,69589,22179,13418,8295,17551,3635,3123,2
60,51,81334,12452,3009,11774,15442,10633,7697,4624,2
54,50,24878,22832,10883,1101,4466,4919,1543,817,2
14,13,991870,211246,5180,3569,4720,3952,7986,2624,2
24,24,276726,55809,3339,42528,6566,25821,7525,3859,2
38,64,899651,60402,20627,27100,26941,21004,22506,3727,2
43,63,1400882,120266,10669,28458,43663,17411,8713,8077,2
37,44,91260,28384,2998,809,6521,3636,1867,1734,2
50,51,28735,17104,10395,38317,25943,10569,9774,8159,2
50,50,249913,33588,7208,9819,4654,10488,7546,4029,2
54,54,141226,38104,16097,11888,36769,15291,7797,3311,2
64,81,30136,6741,4564,24403,10303,11192,6937,2497,2
75,74,4234,23959,7034,16639,12712,21495,8728,2701,2
44,53,73274,23853,8323,7558,8488,2574,4896,1139,2
47,64,38262,62522,27602,12052,21801,11158,4076,2286,2
40,53,581531,323403,6905,13514,44345,24831,20425,12468,2
60,40,1885188,62403,8145,13942,45385,47101,15801,6835,2
69,23,2716,14110,5743,4243,21611,17890,10490,3938,2
74,23,6067,15861,9673,10263,22815,5667,9243,3854,2
80,56,4219,15796,24945,19658,17520,8323,6093,3341,2
66,75,6017,26341,11202,17026,6364,7440,6771,3317,2
54,81,10931,30298,2865,15859,15391,10629,8763,2655,2
37,51,236627,70961,13376,4746,5066,5162,1045,1293,0
34,35,144793,52231,592,4807,3963,2859,1984,2129,0
27,37,391579,81641,8137,7259,4734,6298,5008,2758,0
41,48,122370,8457,5499,3898,3426,3900,1548,1408,0
47,43,27134,12602,6275,8171,17335,11258,4608,1904,0
70,64,4866,5770,13574,3655,6627,14654,7230,2333,0
81,63,96694,13273,848,2543,5395,3690,1625,582,0
64,51,585707,53809,8711,5343,10268,2570,4883,801,0
48,51,162579,32615,9253,5618,4134,2994,1460,632,0
34,38,2518161,683133,194634,30081,47502,73611,53554,14237,2
30,29,1991688,312279,7478,6166,15854,13539,7689,13705,2
38,41,182628,7339,3167,7489,3497,3049,4284,1141,2
29,30,167777,70089,6474,4295,7410,6941,2012,534,2
47,37,64253,20388,27586,9061,25921,24351,14247,7193,2
56,63,56127,37588,16402,14699,22532,9406,21019,4946,2
51,57,205929,7954,1447,2930,1137,1110,365,573,2
60,63,349403,26161,3587,4587,4244,7246,1785,560,2
53,63,4576,45511,21964,8854,5745,15840,12604,6398,2
66,61,193653,11748,6025,3289,1521,12853,1979,879,2
29,56,1673863,321758,32983,44315,26866,28612,26722,11296,2
27,56,1101994,544387,156642,57180,35851,41038,21363,16170,2
38,66,27709,9262,5044,12772,19719,5901,2958,1556,2
50,60,12578,14328,4249,18365,36566,17571,12373,7874,2
69,78,132772,16271,4792,3528,2946,3091,2157,1422,2
78,78,12341,6189,4970,8609,10009,12081,11033,10564,2
74,75,98970,33920,15382,11384,2618,6114,3865,3112,2
40,61,360910,57206,27955,28847,40645,45094,45460,12873,2
51,54,658730,96781,9953,16954,8340,24256,5114,4194,2
48,61,2115616,77360,56255,5554,19781,17196,10786,5483,2
35,57,1468206,130139,18332,11021,14841,12648,12857,5854,2
54,56,126511,14313,14183,1810,10177,11078,8020,8164,2
57,70,102273,69534,63569,25866,12781,25175,12671,3554,2
63,77,322461,107837,15495,34400,31897,20148,15928,4205,2
61,77,194379,17695,10480,5627,12162,10539,11801,4873,2
43,34,31485,12728,1060,1544,1362,3020,1680,588,2
48,24,1121673,245216,1882,21395,69877,35791,45381,26567,2
43,23,87593,624205,92637,14580,85576,97672,82616,50483,2
41,23,535559,184591,69022,20500,34664,50474,44655,6831,2
63,14,86024,28506,1297,4698,12848,23375,13659,3145,2
56,27,211235,65586,3015,14942,7965,4976,2382,1674,2
60,43,143943,34635,24635,9173,10762,12689,10951,9445,2
50,41,426907,280413,38018,44956,27813,23570,22622,5442,2
38,51,82473,66681,9979,10966,11988,15038,36537,15801,2
69,53,172698,51384,6469,8586,15052,10439,4996,1149,0
43,61,1311040,194047,38080,22369,12038,13451,9429,6777,0
38,69,67632,26088,1787,38856,17759,32110,20976,17907,0
60,81,6856,38980,23746,27937,11034,13200,13375,6037,0
74,83,17469,41001,11048,20576,12057,15944,3552,8960,0
63,90,15750,25920,8708,33113,10559,9590,8629,2453,0
53,83,168553,19221,9014,3070,2921,4582,4302,2541,0
57,75,26162,32309,5461,11312,6926,10112,3012,4101,0
50,64,335132,22042,2086,2974,2395,2619,1477,341,0
54,81,344636,78479,57195,69515,18465,25819,16633,3860,2
30,66,87153,10367,1240,1261,1566,754,1273,313,2
17,26,702615,133212,13703,14977,26204,12358,16145,15483,2
37,21,203822,43775,1917,7365,6859,9140,13373,1927,2
38,21,266240,214553,38898,13831,24322,20496,25353,7954,2
37,37,343403,42891,13156,6681,8657,5917,4728,2462,2
43,51,28955,17299,16262,12187,11022,8051,4634,2598,2
56,63,10688,13224,7393,10389,4890,25961,5425,2859,2
56,61,663238,195781,18076,17549,14353,16894,27752,4993,2
54,21,47237,45947,4466,4261,5435,2305,1715,968,2
24,34,159258,63125,28529,4020,3456,2502,1692,625,2
34,43,14802,13160,5605,9304,6798,5790,4232,1092,2
41,37,47461,5699,1103,468,1077,1554,636,445,2
43,38,160756,380309,75396,13446,28761,27339,73245,16466,2
60,38,426756,94220,78269,92644,67095,92881,13759,3560,2
53,57,556371,31847,29058,43139,15009,9857,13609,5393,2
54,51,122251,227557,16699,9787,9387,19343,23934,9654,2
63,51,13066,16721,10887,3660,5031,9594,4720,3602,2
56,41,80489,5859,2139,2117,3159,4325,2613,1061,2
78,54,31633,10416,23163,25444,8883,9058,4189,1773,2
57,63,123057,123703,64519,51164,39229,16845,5254,2891,2
34,61,49466,106712,7420,53047,24898,5533,9452,1905,2
27,54,164969,36443,20846,18976,4739,6230,5781,12826,2
30,51,292965,47112,6811,1696,6442,5414,9516,1019,2
30,48,501978,89847,46986,18398,15542,9913,6345,4404,2
38,47,251794,221628,11694,81752,39902,22007,6980,3157,2
48,40,13349,21270,3897,12312,3215,10874,16676,1220,2
61,53,11139,8046,4647,7936,5356,10884,17894,2537,2
35,57,673281,219489,591041,170409,67574,96202,27054,9359,2
37,60,895906,187267,55828,39691,6422,31951,36038,14267,2
66,69,40314,16092,12324,3727,1920,7900,4066,1573,2
61,43,1023450,663370,56428,31737,49771,42693,27197,12091,2
60,40,34187,78604,9954,17382,5458,8165,7589,1049,2
41,34,60891,28846,7653,1820,4263,1759,2325,2585,2
38,29,32885,29812,14700,3432,6000,7782,10767,7990,2
44,40,4643,41278,5842,16919,15991,8298,3427,1386,2
51,43,60549,55929,22700,17087,14561,14607,4950,4454,2
54,40,278451,38642,4283,3684,8095,4442,1708,587,0
44,37,1001387,76988,8476,8094,3090,3929,3074,5019,0
50,24,28561,49933,9770,13233,3298,17691,5570,2797,0
51,23,118964,52662,7443,7646,11771,12606,6678,2886,0
51,30,62745,70300,12153,22850,10547,9445,8239,4430,0
54,38,56070,56757,29009,4414,21238,5399,12232,4270,0
43,53,128785,45806,108032,12430,23405,12884,20947,4705,0
34,57,1458031,337310,54060,84163,35572,23615,41961,11494,0
26,56,189253,55188,11057,9153,6004,3552,7689,3734,0
35,56,138720,17988,2165,12522,8720,5389,6402,1903,0
69,47,139371,3473,1563,1476,2377,1838,1993,671,0
70,44,7710,59736,11690,12741,9862,15173,6668,8178,0
74,47,24979,27584,8808,9831,19637,6477,4225,1281,0
64,44,26939,75734,11717,14960,3565,10686,2490,1119,0
56,48,52717,37762,15880,4400,4598,4086,1851,2214,0
50,50,48928,33973,13586,38768,27401,11950,5724,5018,0
50,56,32335,16399,13590,6549,5400,4669,3848,2830,0
51,66,23103,20772,13382,8650,7076,6863,3875,2729,0
38,48,182931,12761,2738,1610,1395,960,255,171,0
48,47,54918,23176,5657,6998,3166,9658,5065,2723,0
54,23,146220,26854,2134,1392,4858,2534,717,976,0
50,17,24185,57663,5287,10528,11251,10022,7321,2332,0
47,30,336928,64343,54403,13107,7914,4310,4083,2400,0
41,38,51833,31997,11287,16226,5726,9403,8903,3138,0
54,56,15453,18646,19120,2532,3673,14202,3762,3644,0
66,56,216776,11915,3210,4603,12411,9733,6152,6688,0
43,37,37243,21514,6945,3047,1988,3465,2672,1580,0
48,51,941801,33373,12185,17016,2810,7984,3933,6330,0
38,34,636377,50501,11085,7543,8243,4020,1953,3244,0
43,51,8230,31244,9130,11450,2845,4535,7700,3485,0
40,63,6583,40385,39669,24576,11147,7188,4043,2421,0
34,54,1523561,75081,11699,18176,6250,5970,1971,939,0
40,53,742613,56458,14386,2292,4334,8565,5225,1486,0
38,60,55314,47486,59199,5721,4349,7984,10343,2687,0
50,53,8283,21507,14627,6112,5393,12733,2521,2001,0
41,35,1757078,205861,21956,45783,12495,30664,8807,4183,2
50,44,125938,16968,6232,2699,2927,3453,4535,1025,2
63,51,22195,12551,7021,7861,8096,8346,6332,3024,2
64,48,27025,31546,4315,4304,5509,4780,1905,3471,2
61,40,922068,110591,4913,23837,15749,14086,9069,8379,2
60,47,69924,36879,21693,23104,11033,8752,10301,8840,2
60,51,51790,9177,11951,7253,5026,8595,9000,2823,2
70,51,12345,12665,3428,1713,4854,4440,10633,4209,2
78,53,26245,9323,13398,5193,5490,6546,2706,3079,2
56,40,493137,32253,17743,7406,5978,6060,4478,2778,2
51,40,1764631,493279,90855,64843,41477,44066,27709,9312,2
63,37,32934,8842,2247,4587,6287,7282,8128,4027,2
57,41,67862,77142,1339,20316,15868,10570,4859,1232,2
64,41,245855,7089,6855,1250,3924,3128,2883,1678,2
70,48,33144,33105,15195,12438,8240,8191,6456,4697,2
60,56,58861,40803,41715,5689,12048,11951,8336,1827,2
50,60,6749,12740,12099,10409,5330,7939,3479,3047,2
60,54,48694,16323,6270,2965,5506,9694,3161,2851,2
74,60,7966,28756,23431,8548,11775,6516,3533,3213,2
54,53,41971,50909,3517,5955,7352,3449,2341,628,2
37,51,961799,198658,102851,32015,22389,11501,16723,5174,2
34,50,363194,160442,48089,27756,17489,25161,5069,4240,2
35,37,9893,42767,2737,9116,12538,7292,5152,991,2
47,51,27349,20022,12597,7298,1325,7239,4550,5054,2
61,57,17354,9939,17279,20500,15253,8834,5447,3331,2
51,64,64110,171812,109689,31516,3766,11289,13672,7058,2
37,64,394391,44243,4775,3391,881,1176,759,1566,2
74,34,21652,94323,4948,5275,6208,8553,9031,10462,0
74,50,32357,12064,17027,8155,13041,10617,5326,3553,0
74,40,14411,8992,5179,5265,14961,7561,3127,2448,0
69,35,36058,28039,5458,5195,4304,4784,4143,1914,0
80,40,22249,25801,14798,7613,4438,9331,6259,2279,0
75,40,11704,32240,9559,9121,10705,11546,3657,984,0
81,38,29354,16047,5367,1095,5439,5247,3829,2207,0
77,48,19974,55317,13393,27219,7164,17277,7731,4948,0
74,47,59755,26377,10519,5263,3651,6695,2554,1132,0
66,48,3925,32484,10931,6836,5921,5768,1635,811,0
23,23,31444,13835,11111,20124,12477,5275,21965,2592,2
23,23,604341,231505,23446,17607,28445,17694,17039,17011,2
35,23,18442,48384,9617,3692,9460,9716,4187,3752,2
47,23,12090,40277,11462,7022,6101,6226,2966,1760,2
54,47,17729,14649,15159,24113,2712,8513,7264,3958,2
54,56,26363,32993,21067,3781,10343,7724,11717,6743,2
57,77,18178,5540,16212,8322,8122,6596,3735,2536,2
48,81,133686,71038,23969,36396,14731,5802,9733,2622,2
63,57,43557,10509,2637,2299,9116,13025,4232,3976,2
57,47,15199,13833,8175,10609,8307,4636,3599,2186,2
78,67,11513,25518,13202,18809,25769,12063,4238,2399,2
51,43,616439,291933,2114,4891,4717,5641,1659,692,2
61,41,11790,5292,4182,2282,2440,4772,3580,4104,2
54,41,6337,29433,21667,5363,14070,7651,3937,1886,2
70,78,29100,7865,21573,8299,5768,4156,2336,1617,2
61,77,3217,13125,8403,1973,7031,3227,8349,2814,2
60,75,9064,22213,10041,1657,5491,10925,3783,1037,2
74,67,14998,10864,4397,3554,9223,9842,2214,1139,2
80,53,21480,16416,2486,4936,4862,5758,3333,1728,2
70,61,63104,12458,12418,5583,5695,8016,4212,1629,0
63,75,11564,8854,11379,10729,1568,3640,2811,1298,0
60,78,6289,9171,2367,9127,4827,5214,1822,2684,0
78,80,27574,8941,7477,5763,10656,11538,6557,2116,0
74,80,9970,15348,12614,7232,6632,5640,1466,1195,0
63,70,110568,14016,8280,3581,3496,1021,996,761,0
61,70,16862,8372,1828,9069,5191,3622,3177,3436,0
48,66,25134,40603,10651,3135,14299,7493,4495,1693,0
50,64,447881,20424,14338,7632,8035,8607,4035,1183,0
60,61,80246,41040,20435,4250,9845,7908,3017,3048,0
44,35,1627129,185692,48772,13380,38529,27908,13592,3546,2
37,43,13881,75060,16168,16168,7460,8719,9531,1539,2
29,43,49145,9555,3271,2345,3780,1304,507,388,2
67,47,33281,8277,10790,1411,7827,17954,5726,6265,2
74,53,166326,27445,14083,20807,4511,9330,9667,12171,2
77,51,333867,52299,13299,6776,12038,9795,5512,3241,2
70,69,448750,37974,49298,24415,14441,14059,3641,4285,2
43,64,294813,46991,4778,6224,4643,2169,706,331,2
60,67,1150293,311114,38779,39751,19139,42047,6586,7963,0
51,63,84040,196101,35179,12340,16326,13808,4230,5384,0
44,67,15293,13934,13809,7188,1967,1973,885,380,0
27,61,24838,49006,15070,30333,10306,7061,5442,2095,0
38,61,52704,46598,10905,11521,28202,8942,5630,1237,0
27,61,12711,19710,3568,24522,2787,2521,2691,1307,0
23,44,41311,55758,1375,9075,10358,3443,1766,3853,0
20,50,3629,35353,10176,8373,3648,5434,1625,1234,0
64,93,13129,13905,20158,12070,10094,5108,1962,1205,2
66,84,17122,26801,11705,7538,6684,9611,3794,2209,2
69,78,44873,15938,5329,9633,4928,5215,3827,2437,2
57,67,31354,17906,1519,2498,1058,3235,2866,1605,2
66,61,13509,14219,11705,4591,9049,7536,5449,2307,2
54,50,212875,145665,4532,13169,21395,8975,4488,4849,2
44,47,1102380,129797,41289,17688,21791,10438,19289,4023,2
41,47,28255,55187,5672,10676,7873,7012,11660,1313,2
35,40,1381692,226039,39403,22002,50793,30772,32825,20988,2
56,67,28288,10131,3659,11784,3954,6652,8520,4644,2
57,81,104000,55206,35297,2706,6398,6214,4831,1372,2
60,74,193310,12126,8827,1246,17548,4799,6893,817,2
56,77,55739,25537,36569,23275,13257,7819,3876,3104,2
44,83,39802,14881,13920,24106,5112,4033,4602,1286,2
56,83,23779,10162,6070,4528,2725,5081,3250,877,2
47,93,9696,24468,28900,5995,5661,4625,3734,2361,2
56,87,20098,7054,7058,2695,6832,4360,4104,2069,2
67,81,2800,5338,6716,2950,758,5030,2371,2881,2
50,69,146119,60832,12210,11642,5014,3139,933,1006,2
20,51,1465919,335013,44956,17668,13557,16131,11413,5837,2
27,47,982053,75067,21471,17898,14304,18526,12516,3325,2
20,44,1073494,292074,41023,13287,9822,5197,2649,1794,2
34,51,97398,44617,18931,5899,40451,6322,2527,3111,2
37,61,18661,20328,8993,4656,4281,4350,2115,4486,2
35,57,36403,61597,16507,4073,13559,8899,1944,1382,2
38,61,7862,41521,19899,4256,6936,8807,891,891,2
40,51,396960,60921,31839,4971,7997,7688,4817,2353,0
56,48,10407,29577,1770,1015,8288,5558,2617,2264,0
56,63,5991,11318,20377,16314,6802,6081,2001,1628,0
56,54,24589,22922,452,6207,5769,4096,3053,608,0
54,64,4954,27761,971,5560,3887,5108,1737,1114,0
47,48,9758,33078,1246,7868,9289,2466,1361,3454,0
47,38,8166,26191,2155,6462,9901,4108,2810,1200,0
51,41,25054,16811,3662,3798,2048,6457,2058,1876,0
53,54,9227,8589,8344,10592,9841,4337,598,1365,0
24,30,34556,15005,1140,1137,734,1350,673,300,0
30,47,17802,13771,7314,5249,7663,3746,2002,1447,0
29,57,74233,22874,6338,6042,5636,1910,3679,718,0
24,74,28422,34172,31057,5287,8187,3245,1435,1574,0
21,66,38163,68206,16536,5261,8646,2349,2194,831,0
10,61,51010,64247,9064,13552,2702,3442,2892,554,0
14,57,5826,21120,5811,3128,12400,2830,6019,1024,0
21,60,24100,20157,21434,17974,16961,5338,3074,953,0
27,61,6727,46233,18760,4103,10009,4065,1689,1216,0
54,70,429338,28507,6024,9610,4413,9016,2274,565,0
50,70,364497,14908,9961,2787,4650,873,942,545,0
30,61,82895,83025,1508,18052,6519,4623,3116,2718,0
20,50,291783,161337,12715,10452,20975,4891,7570,8414,0
21,44,38785,34284,11458,2728,11391,11732,4923,3674,0
38,38,78148,18325,4389,3937,7406,5344,3117,1526,0
48,44,80304,49682,17572,12573,8400,10575,2262,2065,0
70,54,27426,19078,3287,12898,8234,11514,5980,12649,0
78,56,21975,13842,2552,9163,8997,12323,3888,2024,0
67,60,401052,112009,11156,38070,9210,9356,3370,1935,0
41,53,96856,29269,16082,9068,2763,1655,2557,757,0
37,57,8744,33845,14800,6631,2259,6059,1232,1529,0
38,63,15729,20033,11997,8029,5670,10301,2660,1165,0
64,70,28248,4868,5009,3331,2378,4682,1876,4080,0
69,74,13295,20521,10258,10110,3380,7440,4135,1409,0
74,70,18645,10199,8685,1650,4387,9135,2446,672,0
64,78,15842,22851,28745,3537,6956,7094,3166,1081,0
61,66,30750,76098,6863,8795,10866,12976,7092,2591,0
10,64,168755,5982,1565,1471,585,688,147,189,2
26,70,12225,8688,12540,3778,7145,3532,1519,3311,2
35,69,6735,28208,14001,3792,9547,4886,4153,978,2
54,66,19646,18158,16151,2179,22175,9483,5305,3891,2
56,57,44455,23946,943,8654,5676,6580,21302,10663,2
61,51,8482,20248,5614,2063,11948,4833,5739,2480,2
63,27,2214,7057,2555,773,3866,5402,2937,2793,2
57,70,122227,35075,29342,16271,3622,9162,5557,3664,0
48,74,25793,17328,26858,7825,5268,6957,10029,1736,0
64,83,27150,9698,11654,9802,7633,7348,2025,1547,0
69,70,21315,25866,9247,1809,6041,6790,3741,1510,0
51,66,83836,41753,7155,4435,5387,2789,3735,2312,0
38,44,386424,178751,4666,12911,5522,5380,12401,12018,0
24,41,311025,6349,2558,1031,276,499,188,70,0
23,40,15494,22545,4887,2085,4015,4104,1957,2188,0
57,51,275094,60948,7680,4231,1225,2833,2065,1535,2
50,44,140301,65404,12527,20776,8788,4723,4015,2204,2
47,53,38488,35168,17995,7766,4792,5091,1449,1799,2
23,64,27544,18045,27242,3163,4959,3540,6491,2292,2
29,64,44222,44619,5666,4386,8541,4599,1913,3146,2
48,64,21999,11315,4743,7303,6149,7347,5046,1842,2
61,63,10629,13181,17879,4583,13340,12090,15325,10865,2
77,57,17583,10164,7479,7371,2872,9589,8719,5084,2
77,54,26108,9411,750,393,517,842,742,169,2
77,57,8806,12353,15119,5844,8077,11410,18705,4847,2
38,61,14296,27369,1363,13549,1990,1206,3773,7249,2
44,90,16976,25287,14794,10405,5767,2369,1060,1590,2
51,81,10347,21257,10275,5352,3168,3180,3619,597,2
57,66,3431,6231,9072,1058,13060,4071,3880,1287,2
64,64,23986,18609,6960,2463,6874,8738,1728,580,2
74,57,16545,14672,5243,5834,16490,5388,5369,1578,2
54,47,125049,118110,16083,9121,7439,10725,8628,3611,2
50,60,15149,24273,9062,3828,3686,5734,2627,2075,0
56,57,114604,3265,379,1921,6316,1467,807,490,0
51,57,13114,17928,6314,10199,8328,2606,1749,1747,0
61,63,13398,11433,8755,6750,2871,3343,4210,3257,0
60,70,25446,19026,10395,10126,1846,4472,2252,2684,0
60,80,11213,20465,9721,14670,6854,13308,1804,1221,0
61,83,5303,19531,8566,14394,5113,3793,1092,1659,0
60,77,41551,29484,1204,14644,5985,4189,4232,1037,0
67,61,3946,17846,1907,4535,11680,6927,1275,3018,0
63,67,813812,17408,11161,15902,5710,12827,6380,2410,0
80,69,8544,12574,4672,21382,19605,8658,2941,4026,0
67,60,171891,96612,7913,14541,2775,5208,4888,3813,0
64,66,667714,13657,7289,3694,2716,4085,3275,661,0
61,64,47424,43637,20125,27236,6269,19812,7174,5651,0
53,60,15187,22540,5083,9194,6254,3738,4825,1784,0
67,69,3621,31483,28256,7193,10681,15685,2921,1765,0
60,64,42001,27359,4551,4694,2420,2365,460,346,0
70,53,25534,5160,2616,559,8560,6331,2987,2841,0
78,54,12775,10575,7299,6586,7855,5417,2451,1518,0
47,34,717444,100170,2974,10414,5288,10181,6904,3305,2
43,30,10974,12795,4179,5358,3458,3579,3048,1961,2
40,24,9067,54324,7585,7316,15347,5639,4086,1868,2
56,38,24795,22861,4899,3615,12489,6381,2285,1992,2
53,34,332389,203786,8732,6288,12405,12624,11641,7495,2
51,38,21193,31737,38840,8206,7462,10350,3254,5460,2
54,30,196421,380725,27269,15810,41900,45930,21661,15216,2
48,38,1913141,134715,8285,67185,37638,17753,9014,17028,2
48,47,126407,72139,7825,6967,8686,5193,3547,1567,2
47,44,226864,46814,46985,14857,20933,11898,16902,13967,2
57,41,49806,12167,11843,8620,8785,9443,5098,8643,2
54,44,20990,24304,18883,5907,8626,6592,8707,7177,2
66,41,3839,6226,110,2644,1522,5354,7468,1118,2
94,61,4084,7772,1406,6481,3867,10607,5411,3471,2
80,50,59271,216295,29106,12240,4015,16376,8861,1853,2
97,43,87938,6822,5726,2042,4053,17611,3760,4990,2
69,48,18551,39168,25886,8804,5587,3655,8886,5367,2
64,47,348535,259798,20561,21487,14800,11734,7013,2497,2
51,47,12708,21801,8537,1287,3148,8527,8875,3145,2
44,57,94988,7911,7580,1928,1440,3088,4856,1955,2
67,43,3465,17716,3130,4063,4434,8593,14471,7406,2
67,54,14593,10418,13639,3053,2319,7648,16221,1283,2
78,47,12690,11148,5286,1550,2833,9261,11734,1434,2
93,63,30547,10745,12818,6848,6140,12751,19770,16017,2
91,70,75584,18472,14138,7156,6211,11757,19040,6429,2
74,61,515300,135532,53996,24221,8395,24314,34416,7352,2
48,43,388677,32454,1926,1565,1391,1853,1191,723,2
74,60,22904,4883,9779,968,2830,5112,2019,1348,0
66,60,179120,10646,960,2250,3482,4044,6708,4772,2
41,63,138331,48913,15900,18969,9124,6084,3429,948,2
43,75,2545275,404929,100068,115199,44903,68920,111916,10176,2
54,66,76954,7971,1188,2299,1025,2622,1403,1053,2
44,57,255264,376441,28691,40379,26018,21609,17055,3532,2
48,57,158983,109073,61552,40253,60187,17690,15137,8636,2
47,53,51853,36285,6920,7842,14249,5150,1328,903,2
27,44,284686,262681,27727,7269,50231,13317,6981,2247,2
66,64,108549,16512,12660,2345,5131,6324,3493,416,2
48,61,497858,39790,12020,8211,7377,4493,3556,539,2
53,56,312106,60125,43189,11130,23484,18761,10961,4991,2
53,61,619582,138682,19757,18373,43047,15394,12104,11420,2
44,64,1052101,120772,39149,48188,17926,12480,10248,3912,2
51,78,263568,30815,46416,17079,8249,13976,10742,5476,2
41,77,276164,20313,9332,3251,3989,1733,768,170,2
41,69,113613,20087,13306,5223,1587,5410,1796,878,2
27,40,511221,8408,1460,2845,2302,971,1225,287,0
35,70,1666187,99501,32611,60726,18660,20023,12850,10034,0
37,70,168165,110495,52711,30218,68417,14069,17815,2695,0
34,77,287938,59076,9255,4487,11810,2104,1834,1734,0
30,61,1154773,361334,122273,15359,32782,33160,9592,4689,0
29,60,1503608,53665,23104,21081,20220,7362,2812,1259,0
43,53,1294879,106195,18012,21907,18717,39447,23115,5794,0
54,66,189889,68394,18394,54301,24162,15630,5348,3227,0
63,67,501704,99454,19677,35451,11516,30648,16126,3674,0
74,61,900221,94614,29886,22308,32222,30909,13886,7781,0
44,57,1169799,221370,46849,87585,15540,16638,18815,6547,0
48,63,338210,279194,140511,52443,36497,52418,7875,4402,0
54,84,1720657,74363,44937,112932,22829,22054,24723,8068,0
37,94,1417643,186011,155751,61513,39807,17676,8286,7279,0
41,96,918466,43762,10698,15294,8844,3987,3201,1126,0
44,88,1516517,122406,26512,104433,51191,33517,12666,1852,0
47,56,231805,105867,1743,4593,2798,5682,1980,1747,0
37,37,689123,593809,66111,11571,24396,40438,12543,4641,0
37,26,202961,87285,7512,12019,5421,5868,1161,1130,0
34,48,1690293,194290,23110,46231,68940,19952,5612,4191,0
56,48,540104,111604,82601,40113,43734,25983,11177,2251,0
61,53,113794,30747,5989,10367,9702,6644,1439,601,0
63,81,69325,6175,11636,2551,1773,1154,369,243,0
43,75,478892,198713,26906,64377,9350,20077,3664,2146,0
35,63,876374,189893,11411,18218,22133,11427,8377,5712,0
41,56,37856,6582,955,8907,3890,2433,443,375,0
40,69,220934,128159,126887,2779,12486,16870,3042,7713,0
48,84,28330,7451,7135,4717,4269,1329,450,181,0
44,75,109901,101963,26267,37049,34406,12310,6953,4244,0
38,67,69648,94652,20622,13266,6506,12188,11841,2862,0
41,90,462341,64528,116362,62335,16538,20344,6068,5798,0
41,74,89542,38909,8565,736,3470,3372,813,150,0
56,61,1413935,52885,4710,14389,41263,28534,4632,7855,0
63,47,686895,16820,5341,9525,2550,1785,1013,330,0
64,69,493539,18789,12079,42597,8850,6148,1753,1205,0
43,75,1351647,286196,46566,40734,38833,12296,10798,5043,0
50,57,745411,41510,16193,5234,5639,5095,5365,1545,0
70,41,1132366,30118,10709,13311,38401,41822,14894,1623,0
77,56,1407908,28693,10162,46666,8095,17703,5284,2944,0
80,77,534919,45023,16947,11919,12002,7844,1906,654,0
61,83,492243,216772,60228,68592,51055,38737,9436,4307,0
60,77,246116,18294,14605,4413,8938,6776,1798,688,0
57,56,322231,186705,6545,19121,18311,28384,19700,10770,0
56,60,855873,146464,88502,29241,41164,20607,17057,2418,0
60,51,660828,184779,11768,46187,40990,40334,16378,1923,0
64,50,256496,9948,5174,5796,5776,6430,3258,3211,0
54,41,70200,19863,5851,886,1529,2471,1384,554,0
48,50,606875,118749,48239,9331,41588,16358,13111,8365,0
60,60,312575,29431,13398,5598,9561,11549,1383,1586,0
64,57,393937,13530,2437,2581,3014,2869,1429,820,0
57,54,178748,73661,29077,14643,27888,8419,2367,2992,0
60,61,248189,31340,21228,8343,7203,6747,3438,644,0
56,60,452415,12431,4789,7893,22283,4295,2391,1292,0
53,66,343850,104511,56930,22955,54607,18707,10554,6076,0
56,54,548230,94649,4842,11829,18263,12674,7100,1806,0
50,38,1153956,486419,10164,86978,54147,29010,19661,5880,0
56,75,648010,303701,101778,75930,36197,48339,42940,15234,0
48,67,648707,30739,2249,4512,1767,4371,692,104,0
47,37,1178751,51316,10934,10786,13256,8638,2991,3581,0
48,40,1656194,122778,64726,19365,24473,21786,4843,4144,0
53,47,1411840,61667,24265,20807,45730,24131,29592,16406,0
61,44,397104,23939,2467,13852,8161,7894,6501,1279,0
70,44,290832,28317,13337,14249,8100,16207,3709,1395,0
44,51,1526858,188979,78344,16677,67066,19589,10084,3690,0
44,37,168387,106891,9748,3678,9673,11838,3743,2285,0
50,53,161451,31858,21562,9224,8862,8545,5332,1005,0
40,44,628745,70622,13189,18929,16701,5746,5780,1465,0
43,53,802860,43681,11573,29275,10099,7492,5111,1785,0
38,63,276038,191376,17724,53878,23055,16520,6580,4245,0
27,53,297457,35916,6561,3375,1764,1857,295,360,0
37,53,257818,57295,24030,7878,31281,13475,5874,1366,0
38,35,224664,37009,2578,3172,5688,4493,4554,2651,0
40,29,552355,226463,34510,15881,21800,22169,22822,7701,0
50,53,1062103,153659,15532,29446,20826,40607,9619,4514,2
37,47,934095,143790,6920,27715,13503,17291,8466,1585,2
43,56,1635782,39000,9834,33369,8419,10130,3170,1045,2
43,56,1635782,39000,9834,33369,8419,10130,3170,1045,2
63,54,1570984,197666,42634,61544,15196,59341,26407,7790,2
50,60,1457583,184148,35236,85908,24843,27753,18170,4839,2
56,56,117477,24305,12095,8940,6463,9258,1934,831,2
60,66,1413465,86851,20241,64474,39408,16549,22043,6359,2
60,53,1384708,157613,8440,15469,22874,39799,22363,10157,2
63,54,928724,31453,74800,38479,24803,29593,10730,6432,0
54,66,686522,334584,72027,25265,23881,37797,13429,6850,0
38,35,306826,95077,5911,3712,29720,3684,2707,2459,0
40,30,751339,38616,9325,3907,4771,12197,5122,2375,0
29,10,688374,939749,65856,32006,24429,20903,8050,3427,0
50,23,2032845,51504,18258,9344,16926,12322,8245,1797,0
38,7,115552,89600,945,4116,14921,6654,3762,3760,0
57,38,43759,37374,27300,6047,16543,6336,2619,2023,0
74,66,2265816,110202,39376,10687,12680,15173,3152,1650,2
60,53,131608,22600,7841,7603,14552,4619,2583,1873,2
38,35,1835839,83005,15899,16090,15628,8376,3847,834,2
47,48,98439,13290,23835,11839,7440,9395,4052,2766,2
57,51,982825,7993,13930,10650,26191,15025,3130,1374,2
64,70,1312192,42575,17890,6008,7709,7095,5109,1334,2
70,77,712448,36581,5089,21902,10969,10849,8159,2396,2
56,47,586477,268243,12928,13170,27600,13108,9451,1300,2
38,38,1409872,480374,26688,112821,88345,39816,24722,11986,2
60,61,2354446,380726,132138,56444,166969,96969,33125,6428,0
56,56,300889,76399,35226,8223,17072,14742,12266,1172,0
56,44,1522308,39176,3514,2672,10318,5965,1410,1009,0
56,43,122386,15287,3985,1462,2357,3429,830,444,0
61,34,1464025,144600,23739,11991,56375,28256,22446,3942,0
66,38,560485,27191,19340,18544,22906,14159,6699,1186,0
69,53,508758,272939,72513,111196,63553,59838,14784,10233,0
57,47,2082474,583167,36966,49811,24473,32156,29943,5941,0
51,66,1476426,179725,150425,110226,21222,32207,16279,6037,0
43,64,1890391,159255,39947,86743,53251,26219,14682,9757,0
54,57,2841442,113311,47096,73271,47397,28377,23527,3506,2
67,57,1748531,218565,77498,40590,19061,66731,12181,6273,2
57,69,477749,242901,109227,62819,26457,42178,14851,5649,2
61,60,191444,33022,7754,2545,4945,6867,1600,455,2
60,44,650850,92290,11850,2133,15435,16515,2618,1847,2
63,34,873117,119149,3243,17514,26151,16767,8105,739,2
53,23,579471,252918,38145,7151,11578,13184,8989,4160,2
47,41,1032289,376527,129318,116389,39102,53343,14842,9045,2
48,57,1757830,124588,33651,81598,32151,34261,17538,7147,2
56,34,189884,212223,22377,6378,12986,12127,7200,2201,0
56,47,507153,9962,6151,8703,20283,6119,7291,2085,0
54,47,1199355,106867,16612,23862,24856,14815,3526,1491,0
56,50,232174,42533,19416,29164,18026,15310,8706,1729,0
61,44,241638,904086,50297,33434,54373,78548,38709,5184,0
54,48,673992,19174,10052,5124,2029,4097,869,307,0
50,34,77229,175698,10311,3474,14600,11124,7984,2570,0
47,27,680162,95103,19920,27112,10249,15980,7526,2960,0
54,48,1692241,113694,6641,78884,16532,34754,14803,10331,0
60,41,501479,286914,42519,78925,13844,95364,32851,14157,0
47,61,2043801,184655,46526,34486,22869,40721,25201,10574,0
51,75,1080964,259557,58462,55504,43344,33868,21752,4469,0
61,63,167128,21503,9606,9779,6788,9862,6470,1904,0
74,64,920637,14919,18441,16718,19617,14619,6089,3248,0
69,56,858359,83997,7686,6277,4490,8942,4819,801,0
61,41,625786,202707,10837,8083,22245,8456,7732,2761,0
47,30,903757,378709,29888,54805,25062,25832,16493,6818,0
34,17,975323,382839,27802,64546,109395,31593,39511,7297,0
37,37,29361,41878,7997,17316,14843,4327,1473,393,0
38,63,739403,159356,29448,14012,12797,5802,10323,2448,0
35,44,584535,127635,4664,18690,7455,18062,15258,899,0
48,50,992112,70327,66586,9487,15613,54533,9049,3496,0
57,51,1097195,75551,25793,47378,44262,25997,9805,11387,0
69,57,1331594,162320,48949,95573,77106,31385,6360,7915,0
53,50,160534,18932,10634,406,1460,5953,1276,287,0
53,41,1308747,59204,4335,14690,9855,12679,2915,1706,0
47,50,575591,35132,38030,13442,10158,3920,1468,1007,0
63,67,1800448,88559,20906,43004,33908,34738,60384,8128,0
51,69,531705,55760,19227,18586,6743,5890,6877,2131,0
41,43,652587,344922,21012,4113,9309,13396,5596,1603,0
48,51,304312,56453,14103,26786,5122,7686,2342,2939,0
48,47,704213,40705,6162,18845,14208,10220,2492,3984,0
44,54,944121,15437,12435,22918,11324,6356,3663,1384,0
48,44,475324,167504,7974,5535,13627,9558,4196,2338,0
44,37,801738,51680,5978,5723,8879,5971,4893,1709,0
47,16,1582842,243102,35132,17623,37797,38041,16178,11965,0
47,44,791008,102434,39190,13035,15510,14442,5306,861,0
61,57,112203,104098,1425,19753,8184,12499,4407,1999,0
51,66,282029,74502,37569,16670,11457,11240,2563,4490,0
51,56,331916,67569,45531,16097,8707,14493,16947,6831,0
44,56,1022728,155218,29210,16896,27698,8588,9625,4281,0
53,35,1395853,443020,47555,56819,62077,59186,10918,22453,0
75,40,1671163,74589,14508,54782,66495,51362,25496,15835,0
66,38,447432,66692,17281,7542,16794,10040,3672,4645,0
67,44,1970037,195118,24108,56314,32841,31941,75260,8274,0
60,54,1817703,543905,160678,102435,35100,34493,35912,8289,0
56,41,1206585,192499,26430,19931,41823,49425,52614,11044,0
47,20,2409212,536817,35291,28441,46310,73890,27319,13817,0
44,17,764888,767084,51941,21835,48539,35529,19731,7267,0
51,30,41989,37704,8331,27856,10404,7419,5868,1086,0
51,38,22086,57537,5316,8414,3599,8893,3371,1327,0
57,48,772701,121765,21054,15632,17674,13282,6362,2447,0
57,48,772701,121765,21054,15632,17674,13282,6362,2447,0
64,66,1844612,49946,43207,132935,39320,40616,20659,9273,0
66,63,1765982,204986,20410,17835,24899,33257,21788,14088,0
78,64,2748364,204746,68539,24972,29502,74556,18929,7778,0
51,41,57736,54080,2714,3877,2512,7220,1644,765,2
40,43,858401,75626,23776,25117,5598,7010,5667,5304,2
48,48,749607,178528,24260,66385,25245,34986,38157,6903,2
48,47,1030876,212723,70514,39593,67552,24030,13315,1712,2
48,54,1005133,302574,58291,15288,15442,43351,23951,7788,2
50,57,1498398,172808,41481,122228,26294,24072,34309,3812,2
53,53,735052,74990,23961,13374,67370,20338,19010,5949,2
64,47,1056029,110391,7090,23507,22306,31014,11369,9694,2
69,51,2228433,114123,5641,50589,24383,35019,14370,6515,2
83,44,326767,98399,27583,38076,44975,41959,16974,4907,2
56,54,264398,43325,16514,8754,10766,4316,4028,1336,2
53,54,1396204,240121,21353,45482,40652,30756,32489,7702,2
35,26,985265,810080,29877,9990,27213,21858,9337,8422,2
43,16,2656845,238704,29758,23385,35186,36091,11763,17038,2
44,26,687212,219392,78465,125796,39477,50179,9353,4804,2
53,24,581469,59622,11909,4092,5811,19101,3927,3344,2
75,43,748522,243430,71314,25490,43094,76451,16178,10996,2
67,48,493502,79992,19216,5708,27761,6053,4221,2253,2
74,44,191596,98933,36539,41743,22723,33837,14931,6803,2
69,54,53967,14941,9748,6393,11776,7019,6993,1271,2
44,84,399579,208470,109323,29685,50232,21991,17439,3940,0
47,78,602156,65079,16247,13020,19832,12063,1865,2279,0
40,56,743104,239971,12302,25866,10295,19981,3084,2810,0
48,35,174035,86974,18550,4889,15896,4527,5113,1206,0
40,30,1183555,417392,5791,115396,46193,29345,29335,10710,0
53,44,39003,12715,4688,5735,4129,6585,718,280,0
50,66,285844,75607,9537,15747,17575,4471,3893,3462,0
66,64,960974,181337,44333,19807,111092,61298,14242,7626,0
61,70,906961,47599,83233,50623,74595,30360,14334,4621,0
69,48,87722,16177,4307,1578,3723,1906,921,303,0
64,30,517182,84942,19549,8994,14039,14530,15507,5180,0
64,23,1880984,296834,40661,36946,66663,85140,11700,6215,0
47,21,939250,1402544,233075,95223,151869,27503,20639,8495,0
44,38,1906611,251969,88478,28878,49799,40963,12305,11723,0
38,35,549337,54875,6402,6275,9095,5178,3235,3141,0
17,30,1514496,815410,86317,33835,49412,30641,25476,4765,0
44,23,1304849,42001,4030,2010,9438,10819,4634,1937,0
38,23,163517,85875,15720,20442,11662,7625,7839,4228,0
60,83,244375,31359,26941,22669,6868,6004,7917,2250,0
60,78,3241910,284673,67898,46531,47958,30328,25948,19658,0
51,69,117534,15149,696,5256,1662,3094,1939,396,0
35,53,257041,218364,11737,14526,5666,6422,7020,6964,0
41,41,1395808,162157,101506,18404,65232,44160,10317,16699,0
38,38,104660,95770,3539,22782,6181,6602,7478,663,0
40,41,1526688,184693,71706,40860,32572,55457,13979,19627,0
56,61,855309,154865,133913,41619,34224,52389,25503,10840,0
51,63,1314484,77739,24577,28014,10245,10812,5372,2688,0
54,67,951026,352852,77208,87268,31760,44296,21966,5789,0
54,40,365185,41057,21181,1019,8778,10906,5415,580,2
54,23,1405105,395403,31664,82120,87915,45961,12637,7208,2
63,43,991481,76229,9881,42208,40019,18216,6375,896,2
56,41,167463,27746,1192,4649,4927,3701,1281,493,2
43,44,983560,143774,49272,24802,5663,8149,4643,1756,2
44,57,2132440,186138,152814,35934,49143,40293,16530,5735,2
41,64,842140,36707,22849,23339,20469,7823,5227,1077,2
37,66,414034,122015,18130,7876,13570,10273,5213,1138,2
44,74,349679,13029,27783,5281,17216,3752,4058,2747,2
48,77,657600,56345,79646,47551,69458,28352,8219,15312,2
60,43,335222,37625,6402,15262,5617,4743,3010,3001,2
53,41,1390834,335514,76133,38815,60324,24701,20048,7429,2
51,40,79530,112632,38547,14908,17986,9660,13927,3815,2
69,35,50681,16683,12000,3729,12840,24123,17894,9833,2
70,41,191980,88310,23028,38050,20804,12164,5358,1101,2
84,87,35996,46440,19244,15462,15604,28058,6530,4196,2
93,74,26703,15000,7805,2375,8391,4177,1557,1175,2
88,54,31870,22134,8637,1235,4612,9414,7032,4765,2
90,63,650955,32848,30201,17295,6370,13817,9337,5960,2
88,56,11190,15413,7165,2360,22070,7537,7354,9057,2
88,54,145301,95164,23398,19654,10707,24948,14317,7675,2
88,54,1398453,886579,42060,61690,130209,95535,11654,3847,2
78,51,1279323,587310,145766,15330,81889,64730,50587,42845,2
81,34,695524,24242,2037,5264,5553,9104,3821,1351,2
63,30,907566,239057,43198,11154,32862,8240,17502,6196,2
81,35,1341337,228561,3960,14108,16843,17008,11966,9742,0
64,24,1170527,185794,11122,31759,31972,21574,14265,7026,0
69,37,775190,68695,39714,7892,14200,29637,11676,10946,0
70,17,101355,73697,3602,23285,48276,22035,12712,10250,0
75,50,833294,9741,5393,9885,4709,2907,1558,309,0
74,56,110110,57989,13874,9495,6406,5785,3320,1764,0
69,51,930618,131744,29059,19442,29996,27933,45866,11245,0
69,51,2088599,31438,9602,1226,3874,15672,7798,2451,0
70,63,115404,19870,15734,8815,10207,12311,6029,10093,0
83,60,33393,5248,7834,8538,9925,9951,23176,10041,0
47,64,2130518,1661693,211568,64248,35348,22790,55008,95273,0
44,57,354218,31936,4483,9753,12484,6086,4927,1959,0
67,78,324031,21610,43009,3470,11711,13309,7864,6263,0
66,67,318203,207311,44203,38252,49274,23221,13829,8424,0
67,51,408977,50681,4637,1712,15661,7208,4452,1272,0
67,51,408977,50681,4637,1712,15661,7208,4452,1272,0
67,51,685348,39998,30516,7240,11045,14652,3997,1006,0
67,51,125134,15427,14543,13189,12886,18138,2720,892,0
67,51,1088071,530264,110966,158468,91928,24320,18876,14023,0
63,56,15959,12165,4284,1348,804,1101,698,1033,0
50,74,1643200,432934,133448,103877,67657,14669,12223,8481,0
50,74,570386,23605,18341,4281,2328,2313,688,434,0
50,74,111730,26624,8091,7159,6303,5559,852,293,0
51,77,227096,184785,262639,113858,96331,67401,13521,13690,0
50,87,406014,56125,34991,22877,12841,8549,3681,1925,0
50,87,1083197,65280,4127,1645,25154,17755,26092,5950,0
56,87,1248258,255116,93552,183021,149454,152342,7050,3129,0
61,69,125172,70033,5105,2260,3391,3060,2581,1000,0
56,60,1427894,89222,18947,28686,11341,10340,4273,3692,0
56,60,626535,154745,43045,97824,131972,42159,7125,4316,0
57,48,64307,3300,429,2762,1574,491,586,1058,0
57,53,1044466,107216,6746,14986,19326,4807,3959,2904,0
63,54,688293,157192,40954,19390,6528,20822,8602,8913,0
57,56,1788891,325243,42086,93765,28151,37758,16195,37594,0
64,61,291540,64350,5487,12119,4654,6823,3282,4334,0
50,57,1553383,203647,59037,70763,46857,13694,24131,27634,0
47,69,2026722,59422,72504,43016,52062,16908,9969,6713,0
47,69,1220942,26990,7119,16064,4713,10954,1939,383,0
37,66,1078754,120032,13429,11166,4851,3585,2716,938,0
64,77,474439,24070,4953,17019,5944,13621,10618,26775,0
84,88,43157,24964,19612,30702,8850,9673,8470,15641,0
75,81,245402,97337,9195,23292,15647,11463,15058,13716,0
67,77,2393731,138861,55703,36292,33556,22499,24984,5733,0
63,80,335742,9790,4058,8935,7171,3077,1119,2108,0
64,64,189620,53058,9070,15501,12280,11258,26953,22486,0
63,69,1788057,398161,150586,60803,68873,49554,24600,4459,0
63,69,756895,4307,859,912,3401,1741,687,299,0
63,69,703013,112289,20907,26357,12077,8338,5839,1970,0
63,69,618547,231830,105869,36625,49435,27454,8906,11186,0
54,63,211309,9367,2325,3243,4285,1167,1003,875,0
63,51,547693,44702,10242,13395,98461,18056,18292,5122,0
63,51,1531232,290910,120360,140650,171968,127095,29809,13574,0
63,51,1287877,451307,278462,74704,81591,204167,32979,19943,0
63,51,727434,437455,103662,38118,19598,26399,11931,3704,0
75,64,947143,188353,314092,204841,31125,215946,22315,16580,0
75,64,1437417,1417953,106579,183444,108794,288121,84692,180755,0
75,64,1876594,187005,71090,120473,56767,86536,55422,37378,0
75,64,704665,205486,12370,216021,258339,115602,48788,21110,0
87,64,710066,60886,3985,31845,13127,15938,9697,3448,0
61,61,1146666,71365,69736,61506,47513,45143,6069,5948,0
61,61,1095584,15057,9413,2402,3285,3766,4908,543,0
61,61,707453,709103,297025,98748,480713,150772,34013,44160,0
61,61,600316,87138,37428,76142,48017,52916,35373,28059,0
61,61,752619,236144,275423,293133,61688,279153,123497,166075,0
66,61,592054,1251948,298084,345440,1196175,724203,291095,51145,0
66,61,961971,98916,39525,37307,141859,48386,21586,5527,0
64,63,892893,76477,64263,33301,68793,13623,11606,5914,0
64,63,963393,37900,8565,8912,7271,9220,2156,1661,0
64,44,276150,10237,4344,7762,13263,8298,1058,151,0
67,63,965873,16544,2095,6750,3096,5253,1347,680,0
67,63,340041,10365,6945,7841,16357,2672,1142,1373,0
84,61,1299003,97938,5709,60426,86088,33668,5997,3931,0
81,51,576258,42396,9536,11414,8814,12637,6566,3140,0
88,37,300146,86320,1070,5380,15038,20588,7956,5057,0
77,34,610916,23604,4204,3745,4237,2026,1708,366,0
70,34,825085,76257,6831,39403,66362,13586,7929,3913,0
57,10,755106,499075,18188,8179,14844,21847,17370,3988,0
63,50,1090474,21520,3079,16734,12992,16545,3456,2571,0
77,69,976529,260645,22024,122791,29507,33147,25726,15594,0
77,69,184156,46721,7322,4482,2312,10219,1952,512,0
84,48,2934583,36638,3287,4830,19041,20116,3059,396,0
91,48,1329657,74248,41120,10123,21815,47644,4260,4745,0
83,50,162930,4913,1153,913,883,616,557,411,0
83,37,967817,60186,5319,5602,4232,5791,1878,2469,0
74,50,2030772,239935,52758,61517,39951,55432,16164,9411,0
63,50,1220776,22070,9499,15054,23666,27401,5915,1054,0
67,56,1035381,28478,23339,4653,8221,10378,1397,507,0
67,56,1258068,30250,12876,2627,4055,2216,4187,367,0
77,80,452884,7862,21266,4275,12303,3546,2719,2430,0
78,83,1346820,22956,33125,20274,19161,18170,1851,2827,0
66,75,1292155,324233,44178,57302,20372,12119,4882,1496,0
61,97,42779,2952,5303,3022,1425,1773,896,287,0
67,87,255141,20919,9789,5161,6876,7054,3955,1990,0
67,87,626411,10510,2292,6692,2995,1577,494,300,0
70,80,734701,20471,9735,6883,4155,13519,1306,477,0
47,48,747395,210384,27210,22683,51104,20234,8459,13004,0
57,54,739813,68047,21428,8251,3085,1850,686,534,0
75,61,1978495,156691,65601,52164,102724,130448,12565,3532,0
64,74,388834,78932,49351,11084,17304,12599,8509,7452,0
60,64,428690,150756,37983,30545,57751,22323,12894,11766,0
78,64,1547703,239511,117412,223331,376109,232086,16509,16031,0
88,60,1381574,205828,50196,96053,47829,111622,18176,10592,0
96,63,241497,8382,1937,3766,5733,2329,1289,1040,0
78,77,1897545,37604,67162,65620,27813,19479,8310,5008,2
77,93,774731,22661,1834,10613,6063,2613,2272,1558,2
74,70,531664,140766,5502,38107,12676,13628,6688,4082,2
74,70,233108,15840,6188,3320,7985,7200,2296,579,2
74,77,1012388,34901,13428,17315,19793,13816,10483,5936,2
63,61,845695,85920,27762,4889,2627,4442,2227,2744,2
66,60,1186342,350811,171256,117002,181582,200532,19636,7930,2
61,54,258105,74915,34013,29200,10582,16568,8133,5528,0
84,47,81680,15481,1066,1112,4109,8073,1336,1313,0
77,60,6177,23321,9451,35718,9354,11652,8655,3388,0
75,44,73676,98098,4374,9980,27682,6161,13221,7248,0
80,44,942680,23129,19974,8518,12581,10481,1292,1547,0
80,44,2713826,457719,226398,115785,97287,31490,9395,5194,0
80,44,715136,18964,5871,3687,2470,1579,597,126,0
75,60,682109,36510,4601,10867,6342,12381,3264,568,0
75,60,918951,13173,705,9706,7290,3316,977,364,0
61,77,105265,15428,20159,3683,2074,1919,739,497,0
66,81,125416,32007,26367,6120,8013,13216,1731,564,0
66,81,779960,22003,10672,11446,19420,8432,1354,1818,0
53,67,287420,44241,5347,7015,4730,2361,1241,583,0
53,67,273295,17703,5453,8699,5308,4279,840,870,0
53,67,1733550,30943,23083,12611,26737,33152,18771,3408,0
63,61,1310072,30294,25134,6278,12097,10365,2051,1733,0
63,61,1839673,508906,55366,94790,20431,68048,28121,12964,0
78,60,1586199,154426,63007,123760,102834,127975,36416,6404,0
50,54,219164,13467,9235,1994,6059,3400,1879,3873,0
50,44,1773970,46037,11122,3750,15766,4182,3312,998,0
48,26,550509,245570,9914,14208,21898,14236,5755,2606,0
48,26,1091026,127671,4925,7383,21522,21443,4501,4147,0
47,34,393029,33247,32619,11954,8900,8220,1602,1895,0
47,34,3084465,207184,21778,25144,13757,7314,3983,2675,0
44,40,1185709,72529,6746,12274,5833,3110,4224,1397,0
44,40,1185709,72529,6746,12274,5833,3110,4224,1397,0
38,37,197230,32394,2902,2942,2763,1372,669,2061,0
66,14,1526684,99372,10326,25598,19680,26276,8897,20630,0
57,60,697960,157178,39513,6731,27429,8051,10352,9620,0
63,50,990355,367339,129298,324996,346028,174262,52795,19831,0
63,50,1284948,112434,81234,23142,17228,16163,4373,2485,0
63,50,1166999,23922,46435,54182,76744,117998,14106,11764,0
63,50,866050,166932,20852,41568,44860,46446,28197,16917,0
63,50,903911,131917,59871,75242,49184,136822,25787,7217,0
63,50,216981,4702,714,1861,1565,821,78,90,0
56,57,638989,12467,7095,10092,4943,5487,4142,5048,0
67,61,81742,21421,985,2929,3606,1843,3091,3999,0
57,34,755077,58488,10199,10287,42765,62505,7869,7434,0
57,34,1055952,30657,7043,4316,2390,1073,782,427,0
77,61,1871475,50322,54375,115982,51882,26278,11181,3783,0
77,61,1471629,35101,16234,7412,5214,2911,908,893,0
77,61,1471629,35101,16234,7412,5214,2911,908,893,0
84,61,58420,37711,33775,3439,15504,18205,3800,12585,0
74,64,48107,41460,5279,8415,17654,10475,7215,14746,0
75,60,391511,32751,8602,42077,10327,14307,3998,8239,0
69,63,938017,507994,130465,34708,48353,24259,11149,12259,0
61,70,1618886,57785,61887,50417,20685,26491,3187,17333,0
64,91,75876,10118,7899,4545,7188,4079,2768,1271,0
70,100,64731,15858,23026,14593,14208,6022,8085,6773,0
69,94,44866,31963,38666,6564,24606,9610,8149,6489,0
77,83,50809,37569,11252,17096,8660,20467,2778,2165,0
75,91,29424,22848,31133,23687,12983,9342,5579,6024,0
70,83,122109,16178,436,10692,4072,2061,1987,2024,0
70,83,535394,176590,24353,16238,35992,43358,2278,2310,0
63,56,973778,125205,2194,7145,4388,6946,1973,1160,0
63,56,745881,55333,1483,24345,16270,7286,1953,1365,0
77,83,47647,16497,1500,53999,22619,25159,18570,4531,2
77,93,27391,11527,40673,18192,33004,17781,6868,5437,2
88,81,9270,10462,13332,4364,15376,15327,8073,6671,2
87,81,11701,10325,8441,3392,5113,13202,10796,8565,2
88,74,863224,40401,18101,19970,21158,32087,13367,6812,2
100,63,6869,18560,10045,3639,11544,18395,8783,6666,2
97,63,13334,29187,11127,18995,7803,26918,11248,4500,2
97,70,44285,14391,12383,19525,12445,21529,14001,4041,2
78,24,10404,22481,10942,13473,16632,20121,14761,11156,2
61,60,100994,6465,1526,2663,3083,4696,2557,952,2
66,66,15046,38892,14125,20643,12198,21117,5556,3891,2
63,61,7466,28104,13375,15562,9279,10177,12046,2456,2
70,54,108976,16762,1716,2178,4404,4637,6135,843,2
70,54,9571,17409,2752,14839,12440,19885,16060,3937,2
70,51,13268,11641,6174,7289,14664,7564,6177,5134,2
84,66,19397,19555,2967,17297,10005,21272,5427,10391,2
67,61,116888,45515,7113,5692,5972,5348,2559,827,2
70,63,12740,10541,5365,12409,20279,26187,26004,5579,2
84,69,8292,2999,21561,4435,13656,10297,20930,1626,2
78,60,9661,31490,5610,4939,16494,18800,6558,3482,2
84,57,49210,51238,21067,3112,6521,31540,15292,10983,2
70,53,2570608,398418,136954,63762,32906,44215,8594,4872,2
64,34,729840,82196,4051,21762,23632,21673,9878,4878,2
63,57,4281,7953,17635,17876,11130,14951,5718,2767,2
60,67,10385,7690,2871,20728,21372,10379,6142,1533,2
83,75,15875,4109,17385,2549,6215,16972,10595,5601,2
87,87,11626,41919,9640,21871,7494,19602,10411,1623,2
61,67,82589,20469,11225,6463,10771,26717,3233,4789,0
64,90,5860,39075,96000,10010,10320,24842,29809,6724,0
56,78,173097,23100,3756,4488,8885,3167,6512,1415,0
44,60,161456,44243,3832,6950,2969,3518,1706,1286,0
44,60,87536,46175,8929,19716,6716,20543,5966,7559,0
44,51,170884,45159,43315,12885,22795,16679,6931,4472,0
34,43,25390,81749,5263,6738,3715,2681,3102,1046,0
48,57,22622,16875,18396,18877,27514,17016,8207,2055,0
50,56,111122,51206,4470,22267,10399,26571,11452,4125,0
48,38,823016,149338,12249,19298,18618,26643,11476,3606,0
57,80,3737,24615,62063,6783,16137,7706,11445,9106,2
38,80,41542,94644,38340,2892,9885,7156,1581,574,2
47,53,99497,17250,3437,2354,5995,5170,2364,709,2
51,64,123576,11149,13755,4233,1953,3110,839,654,2
67,74,8897,23547,18564,13575,9165,14335,5783,4555,2
66,100,11382,16722,57401,20303,7794,19490,12491,1992,2
53,100,9149,11815,28039,25180,12365,8699,3210,3078,2
69,94,23820,34125,10251,10986,8653,28870,5051,1834,2
64,80,23901,54847,9581,6945,7571,11970,7085,3621,2
63,63,7535,22716,3181,30203,39812,8327,6479,3829,2
57,44,81449,64762,17078,21590,8529,14191,5932,3233,2
66,47,123199,19283,2916,7695,2179,5051,3501,1157,2
69,38,21459,59007,1039,18859,13374,16143,6089,1417,2
67,35,2385,26768,5016,13902,24997,15648,3648,2404,2
63,51,104781,12268,13559,1321,4795,4331,2994,3183,2
57,29,107641,69774,3511,4166,12995,7708,1901,2353,2
69,21,46391,20159,3694,2477,17589,18002,7689,6063,2
67,30,13785,22677,20462,12758,18993,16228,6283,2002,2
80,1,5950,18290,1231,1685,7383,11476,3754,3099,2
84,34,8976,19514,50518,6393,20255,13871,14730,3136,2
84,69,39363,7408,5755,12240,6792,11828,8276,2473,2
69,43,35974,6807,1066,2892,11311,6179,17043,3593,2
47,41,595786,520312,333702,54726,18954,32869,18177,35154,2
44,41,52226,27908,19372,50333,19172,17116,9224,3560,2
17,38,346081,105107,6119,7128,2412,4630,2636,607,2
37,38,10632,20521,24042,14930,23114,15967,9891,4400,2
50,74,5105,8759,18267,7322,10565,9036,8168,2510,2
67,60,26410,4715,14691,5109,11936,30066,7286,3335,2
83,74,35952,27994,10845,3817,12458,7890,7485,3682,2
78,74,15699,20001,20685,15093,30566,8799,7540,3248,2
17,26,114327,17695,1903,1297,2089,446,200,232,2
88,56,161573,74032,13589,19374,6858,16873,8759,7718,2
84,51,6906,16710,3203,8867,10772,13855,20896,5106,2
83,56,76059,32248,17217,14181,8924,24671,10587,4361,2
75,64,71646,18080,8629,31025,14371,14745,15058,4395,2
80,47,38094,21988,2078,1131,2575,6832,6101,645,2
74,53,33705,35259,6452,21361,14710,13684,15323,5247,2
67,44,23978,27638,9867,3656,15349,10288,6405,10152,2
78,24,4919,13544,2675,3427,6966,14218,12831,4032,2
81,43,16618,17142,13540,4425,12506,13887,4915,2233,2
78,66,6779,11967,30080,8177,13551,17322,1307,3305,2
66,64,20798,31004,8637,5915,9882,8654,6813,5156,2
83,41,11588,19034,5925,4765,10197,13141,5852,6603,2
64,78,18274,11146,52259,38406,17018,8263,9761,2560,2
63,66,21591,45846,15560,19260,14768,21512,7748,9614,2
61,69,26648,35954,10187,24845,24131,12918,3648,3670,2
44,64,304322,51691,4794,6596,5171,4170,1120,336,2
60,48,34675,15580,17680,10159,20192,20004,9433,4037,2
60,54,22753,14844,25012,5650,9658,13221,3291,1292,2
61,67,22121,8618,35207,4242,6514,9677,5977,3319,2
47,74,488494,61259,18950,10204,6285,4945,2143,1192,2
70,20,83021,26352,9597,1340,4323,3853,747,512,2
63,14,1209835,331146,26291,28124,46690,24875,6421,6759,2
53,29,8283,16421,28081,10004,43657,14827,3175,1937,2
50,41,83018,25102,20447,6339,7512,14177,3939,1700,2
66,44,27882,14700,10770,7164,9867,16431,5236,9246,2
80,69,8874,10848,37377,16746,24545,17121,9975,4471,2
74,74,52798,50201,38487,10909,6760,14118,10248,2036,2
66,91,8723,5981,29695,12118,18329,19339,10320,1772,2
67,50,56482,50968,4877,5826,4533,3138,1547,1492,2
64,57,14220,9221,11321,31673,10312,10488,1896,3812,2
84,67,10680,22599,12355,6146,7913,15373,7428,3246,2
84,69,305565,14353,24641,7739,11320,24069,10673,6385,2
60,61,440144,294375,23101,35510,20824,13013,12797,6462,2
47,30,440431,103910,8645,5277,21171,5827,3741,1559,2
47,27,11237,45698,22567,3995,11600,30567,6739,2886,2
54,43,40212,21511,7175,14291,11409,12824,13224,4881,2
75,56,5641,30709,7992,8690,4416,16770,9995,5212,2
44,20,38317,77726,9419,10656,11330,11035,8038,2612,2
57,54,5239,24912,27313,11460,6512,8293,3044,4711,2
41,61,840104,375156,59402,49728,30104,20286,10109,4723,2
30,60,1050385,170638,35018,8779,20563,26209,16357,6096,2
20,35,2069973,431907,35186,14523,23451,18857,29618,10203,2
24,30,780859,93853,10779,16540,8502,7069,5895,1340,2
34,53,411546,113004,82953,47162,21753,32285,25200,31671,2
27,20,694832,268591,59791,53570,50262,46217,10082,5650,2
13,47,96851,18457,6866,2122,1222,2530,1704,1011,2
16,57,266682,60065,64206,49364,35866,28334,16332,8139,2
11,47,1431272,598913,47299,24955,28285,17735,9701,4186,2
10,37,330093,532421,83390,25293,16173,12540,10889,6251,2
14,44,481812,26773,29144,15889,8360,10552,5208,2484,2
21,37,10969,42419,22791,8183,17904,25210,7633,7830,2
48,43,15778,25826,6471,5191,14596,15740,13118,8531,2
69,66,32123,22565,36139,30931,14093,16061,6296,6315,2
61,54,151666,37955,12163,3622,3984,3498,3432,2823,2
61,43,1838618,370855,88847,55079,115357,20545,15553,6166,2
51,50,65850,8366,6415,8602,7236,16656,9476,7382,2
35,26,266880,715159,54561,16755,27729,12420,6502,2757,2
51,24,163326,41844,10109,7314,12064,20578,7430,3300,2
37,40,23183,5903,36842,5629,10269,5486,13596,3958,2
56,74,15481,25868,53667,55031,14476,19223,4946,2688,2
38,83,108539,126357,76009,14903,13301,11463,3552,3137,2
29,93,14593,26084,18691,5592,16905,4040,7009,823,2
20,67,45363,37683,1080,2053,4901,2429,1988,399,0
47,44,11885,14887,5974,22637,21085,8568,5354,3740,0
61,51,31018,19379,13457,20923,19493,3072,6584,1544,0
66,50,21407,38568,1400,12475,10278,12311,10975,4358,0
50,69,9938,29673,34805,22951,7163,6668,5455,3114,0
60,64,7169,12604,18813,25069,45921,8768,4013,3089,0
47,66,20033,15769,6881,26956,38137,6306,2809,3918,0
30,93,4534,18732,86070,54499,18524,8048,3223,4350,0
43,69,6390,25874,2479,5734,12273,8902,6198,1543,0
47,30,528947,169690,57275,9431,14172,18340,17491,4251,0
20,1,424188,151044,28582,31508,9232,17664,7275,3119,0
24,16,1617194,119007,43878,74100,5054,10323,22063,6964,0
35,29,49873,76121,5741,22302,39587,14132,6851,3947,0
24,38,827373,99005,15404,9025,6549,9399,4019,2511,0
16,44,1305668,112834,43194,49462,15150,6546,9585,3436,0
16,21,320053,704650,48450,26707,11468,31338,12488,4784,0
23,27,211729,14691,19654,2659,29854,11825,10331,7020,0
14,30,64376,73620,16480,6655,12378,2698,2289,670,0
27,27,22237,51636,20990,8101,10169,11021,6824,7571,0
40,37,1016763,135920,11544,3822,8393,5271,11492,4244,2
64,47,161780,36807,24680,14990,15860,20004,9063,2999,2
77,51,12209,41252,6057,20174,13628,16901,14431,1555,2
54,50,313726,148384,96484,65270,58319,15129,41909,29947,2
38,51,104848,18500,5704,1291,1977,1442,1427,556,2
17,37,45466,37393,2011,2865,2037,1220,1953,1456,2
8,35,357236,74805,13817,10872,2322,7264,6491,8408,2
7,27,357075,81722,10533,26545,5359,4635,8148,5343,2
11,21,639228,64307,547,13203,2975,7331,17226,1487,2
30,40,2416701,40460,32842,27537,24867,27444,20487,11487,2
40,77,1279029,46196,37138,9841,5134,4728,3853,2759,2
41,90,1454987,93279,49754,48393,47798,16014,12318,1556,2
43,94,130922,15683,14582,11955,3951,2573,1375,887,2
41,84,98998,6216,6895,1412,1276,2993,3249,1368,2
54,81,10687,1829,1768,1045,1717,2300,1844,1862,2
50,66,248979,226940,61511,29235,56535,11009,15617,7058,2
51,70,1407642,105456,17769,4809,10980,14298,4534,2244,2
43,64,399054,15655,4760,4450,4531,2190,1390,460,2
38,60,24686,24873,6543,5833,3561,10077,9303,2850,2
48,69,47460,38816,3962,26560,6678,9119,12638,6394,2
7,16,582047,442193,24490,5659,6784,21669,2862,5212,2
14,29,302518,70848,26624,3441,26105,10619,14749,3841,2
53,41,62930,2382,7406,3029,7949,13360,7819,3562,2
60,67,248061,44251,21937,8952,4215,7029,898,1646,2
63,67,22500,31766,10411,3007,6729,7675,12086,4350,2
74,75,457653,31881,1914,13547,6715,11822,24049,3014,2
30,60,603748,13105,6637,2429,2049,1378,526,281,2
29,53,551723,79037,13875,4074,7361,3701,9716,6693,0
1,44,181301,33488,6632,5596,5761,1586,1206,2849,0
1,47,1356333,118328,19170,16443,9039,4448,8673,2713,0
20,67,41281,7658,5003,12137,7707,9086,13149,10669,0
20,63,99693,80647,7850,4517,10136,2571,2690,3075,0
29,69,1861471,81827,52168,11536,11671,15214,10266,4019,0
41,70,1577713,376299,63135,76230,60076,55839,41483,28293,0
51,61,116671,19987,4956,1028,8986,5961,9432,2639,0
51,44,641022,145039,9003,11658,15270,16594,27274,18280,0
47,41,482402,164688,18176,14988,15983,12578,11056,2968,0
44,64,55705,31469,4833,5233,4015,5852,6204,520,0
66,74,794034,34723,11554,6594,4878,2400,2749,335,0
60,74,38459,32917,13592,3588,10367,14765,3878,2818,0
56,69,23252,18926,14727,2597,8757,8658,12589,1903,0
75,74,760834,59127,15680,8876,11234,9063,3875,1565,0
63,78,378943,20221,8015,3366,2846,2753,3667,716,0
61,81,125696,11345,17253,6746,14686,7084,8394,2478,0
60,77,5364,9253,6902,5469,5234,11632,12921,4201,0
60,93,75106,35943,100735,21090,20524,16051,9991,5262,0
53,77,1699143,107609,62086,63089,26359,8344,11710,4793,2
16,77,356787,20805,11864,3941,3042,4010,1898,1175,2
16,66,1177017,35408,9568,4573,3427,1965,1754,733,2
27,64,2080371,96182,23982,20445,18313,26019,27608,17843,2
34,57,1670595,668196,70052,16612,17047,43724,8329,11936,2
44,48,158210,26678,4294,6230,9771,16351,13507,4710,2
56,60,104530,13869,3809,27692,6175,6269,9977,1729,2
50,64,14016,28256,11268,8998,5418,4534,2571,1479,2
78,70,12090,6626,4810,3732,15566,22793,2393,1480,2
77,69,15985,15492,1914,2793,4663,7381,5581,2832,2
57,77,214077,69143,42311,37203,15803,11060,14162,10791,0
17,67,190487,125215,10859,16968,10069,5778,781,2653,0
30,69,126550,56901,50025,10813,10374,8185,9105,2156,0
44,78,10839,7102,12218,16237,6502,13262,3369,2368,0
61,87,13331,19668,6567,7814,4245,10233,4820,2911,0
48,77,1991309,180804,14750,12249,3859,10828,1700,2845,0
56,61,28407,48744,10086,1404,5726,9305,5530,2580,0
43,63,249102,18925,18685,9289,2397,3361,3676,1425,0
41,69,237795,7316,2484,7311,1876,3841,2505,1881,0
53,84,38742,20340,16483,10819,12372,10676,11382,2150,0
50,81,22214,12577,10817,11525,9655,15998,12672,2610,2
41,47,1624853,274442,29433,27167,34181,22707,21446,10423,2
38,57,63120,12196,13819,16024,14302,27463,10547,7699,2
50,56,23547,15549,27460,6525,8164,15913,7685,3844,2
63,63,289961,65375,9284,7772,13802,11884,20517,2005,2
66,70,1386463,17931,6586,7156,15087,3551,2218,2265,2
54,66,23830,40452,7811,13238,11207,11097,10030,4845,2
41,60,11892,71129,22641,7778,7805,15100,10125,6004,2
43,53,9047,18064,1451,1851,7549,10225,5782,2261,2
44,88,263311,14087,7170,10589,6289,5592,2790,800,2
14,40,486042,153095,75702,37424,7320,16742,9276,6037,2
13,81,801365,81510,27228,6912,3919,3890,2259,2227,2
23,77,72934,42089,12150,11601,35626,13620,13008,4590,2
37,81,5488,12732,7706,28530,7506,12461,7452,5319,2
38,77,859431,79018,26819,45061,34311,8207,7179,2725,2
61,80,17079,11296,14057,5490,4566,17312,8724,2996,2
66,84,23338,40439,17233,12012,8647,23664,7313,2410,2
40,64,714495,222389,21378,9766,7673,3264,2595,766,2
35,41,162880,44492,13934,7788,6422,26370,36882,9012,0
48,77,153558,2772,4953,2179,1842,3022,1096,342,0
30,61,56922,39925,15455,8130,7493,2622,1316,1729,0
50,80,31188,9215,16567,15006,2185,10537,13744,2403,0
34,70,276728,49323,14978,9008,8185,3088,2160,653,0
34,80,1027096,101940,32082,13355,7443,15402,6397,3535,0
29,75,697580,63965,16609,3438,7282,2642,2884,1384,0
23,54,458170,114134,13058,15252,14242,17141,7539,2768,0
24,54,1398036,428844,42247,162258,37097,31565,9044,3392,0
66,60,5488,7993,5451,7104,6375,13818,10530,5608,0
69,87,5371,60094,20150,15981,19828,15039,10072,935,0
35,48,86491,28466,8537,7036,12185,11036,11002,6011,0
29,43,244644,7181,3923,2496,5249,2211,2129,708,0
44,50,694609,274759,105918,51641,68814,80782,11027,3078,0
44,66,3608891,97132,30005,24297,15210,4780,2297,1478,0
27,75,487585,182497,145871,2908,9471,12567,5025,4173,0
24,63,42052,129648,15343,5970,20798,16972,10949,3107,0
20,61,301570,30253,3617,8127,1779,4091,2328,648,0
37,74,7603,12708,33890,3163,2642,10496,10823,3340,0
48,67,250959,19267,8312,3672,3935,4616,2035,511,0
64,56,1272946,21528,6979,6033,7915,3614,3386,1090,2
96,60,94251,12769,4280,5900,5644,5281,2133,735,2
84,53,466379,83551,9040,19534,19126,33322,22847,8600,2
66,48,114029,20745,1427,3116,4477,5172,4448,2393,2
64,43,506981,127766,10307,20658,12693,23613,15571,6852,2
50,40,334436,49898,8970,7868,1978,3262,2056,1022,2
53,53,33224,3130,4507,2658,1934,4821,833,674,2
63,61,14043,6030,5682,4493,11308,12047,5626,7855,2
78,69,3080,8198,6792,5482,5720,15020,8086,3941,2
94,88,14583,1974,3647,28031,2669,10707,7828,6037,2
41,53,31798,49164,17017,33189,10606,15072,10347,2226,2
50,63,58519,8693,7405,2520,2559,5782,2699,1087,2
54,61,1738,9697,5516,5158,838,15728,15596,3189,2
69,67,1644366,560080,93402,111693,45703,32290,11817,4659,2
50,66,546991,56206,19204,7969,5375,2400,2455,1398,2
27,57,1019563,82266,12067,5248,4035,6805,3926,909,2
17,63,19532,37736,26614,23251,11762,11156,11515,3784,2
48,54,11738,9151,3479,3065,8541,7612,5613,1493,2
47,27,577469,42640,2736,10433,10935,16586,3355,4165,0
40,57,48094,73275,67115,19879,30793,14176,4711,5915,0
53,56,987620,80145,9592,23080,15276,21452,9821,2824,0
54,78,2083488,24729,26867,18408,5779,14636,14954,6329,0
69,77,15438,3485,5975,8290,7265,19042,9452,3308,0
83,75,20206,5477,15948,1888,14915,9749,5698,4081,0
93,78,26966,6777,5508,3281,6246,11052,7312,3390,0
100,70,20637,17232,11673,9047,4807,18173,4690,6188,0
77,61,1142465,56553,7836,4033,11311,4831,1947,1390,0
91,34,39097,24188,3157,7527,9526,27874,11067,11659,0
40,43,692350,146675,12548,4587,7345,3860,4329,316,0
43,51,258678,11250,3775,3335,3252,6851,4192,1421,0
54,51,607427,7217,395,5794,4778,5519,2271,740,0
87,50,28666,18648,2085,3857,7853,27394,6377,4697,0
90,48,48066,26930,5913,14401,5513,13285,10751,8066,0
90,48,1395010,7662,612,531,2511,3489,2417,652,0
87,37,3347,74991,5563,6645,10739,23072,13470,2414,0
87,40,18299,17108,1046,18137,12446,14214,3736,3748,0
20,50,80809,13924,581,2855,343,929,766,196,0
63,57,124229,52104,26448,6804,15233,14539,32544,8858,0
60,69,29682,6587,6253,31625,5633,16323,13129,7139,0
77,67,23901,36674,8859,2264,7081,26985,17025,8190,0
74,67,140283,86996,3435,48516,16802,24343,8122,2624,0
77,69,56556,37355,15222,15989,4944,17377,6158,4678,0
47,57,148191,32045,6545,9603,5887,5607,1147,945,0
50,43,21990,19999,571,1926,2096,4969,3697,994,0
54,40,2481,19981,18029,7383,18431,19216,10897,1130,0
67,40,218496,86138,15012,9207,7655,32844,14906,5556,0
69,47,19595,21557,4916,12854,6065,21578,17168,3369,2
50,53,38713,26653,4895,2805,9011,15692,16622,5849,2
57,47,6828,9847,2869,4673,4924,14070,13811,1698,2
80,40,12652,35148,4489,10655,11694,18307,11983,4072,2
91,27,8334,31470,1482,2371,2702,14793,5235,4647,2
91,41,7652,19362,11102,11436,2163,16664,13573,6962,2
75,48,59029,13347,4170,5789,3160,2878,1896,1828,2
63,44,1043207,188094,19759,13112,12820,19038,22375,4110,2
54,67,80050,25482,20111,17715,10724,10046,7148,13710,2
50,56,324206,93162,10184,15113,16129,29959,12494,8118,2
16,44,30390,45449,9089,19863,12915,8436,5436,5934,2
54,69,389387,86710,53952,45822,10462,26987,9143,4558,2
56,67,32213,49258,14349,5022,9802,9685,5351,3868,2
60,64,12678,10241,10820,7813,6814,6456,9462,4954,2
47,80,55423,38355,13704,15110,5573,4736,7246,3452,2
50,81,130908,25009,29688,12844,7192,16120,9416,10008,2
64,77,26153,20278,4699,3137,2316,19328,12865,4307,2
60,63,25235,39918,7141,4529,7270,5874,5279,4344,2
40,34,946080,73900,11832,9151,9798,4318,3415,1233,2
26,14,99478,13166,2062,1806,2170,1903,1498,1182,2
13,80,442506,130634,51640,18783,7507,9000,14798,8362,2
27,84,45473,10652,18968,9258,10721,17425,3590,7352,2
48,64,32665,57190,16369,9137,23050,15591,12165,6982,2
60,61,13464,21986,6537,8751,8768,6581,3377,3535,2
56,64,8130,6192,16621,13246,12183,12740,6021,2295,2
44,67,923939,197980,80086,11045,9439,6290,6360,6922,2
21,51,895038,634163,37696,50597,31239,42481,8866,3319,2
51,48,101290,74603,5150,3161,6653,10996,1756,895,2
40,40,533656,76115,14967,8226,12975,16104,3462,4119,2
70,48,46611,21649,2392,3026,9375,24399,5180,1476,2
56,44,1029185,227594,36570,18202,23540,8391,3720,1990,2
60,47,100912,39874,9220,8825,11444,12960,2899,5080,2
61,30,19179,27453,4531,4007,8917,11251,6291,3446,2
38,40,394334,244213,45024,15994,19626,16805,10606,8787,2
51,41,98832,48723,1985,24583,6926,22986,10443,3232,2
57,50,51474,15271,3661,15209,4330,24940,11826,4427,2
26,56,629410,182779,41820,23962,9781,11253,11590,7851,2
40,63,1487845,322698,14730,20140,13203,22576,18314,1838,2
44,69,24621,13871,22440,6083,7008,10278,6137,3364,2
53,66,59962,35422,7085,25512,5941,11250,5872,4006,2
48,63,8719,20400,3363,10610,10284,5410,6567,2529,2
53,87,34243,17262,17397,24613,16967,6648,8868,2553,2
40,69,681842,42467,4669,2932,1780,2831,1441,314,2
53,61,19289,15567,7855,5343,11253,21546,3581,4095,2
61,66,3885,9408,16374,1547,6119,10172,8139,4357,2
66,63,13557,11320,13600,1765,4785,5536,5718,1662,2
26,54,158590,23649,1584,4608,2004,763,526,424,2
54,70,381454,44759,25070,14216,4923,4670,3162,640,2
21,48,1790773,462822,26389,16724,26245,18374,24610,12725,2
14,23,532455,82603,6659,270,5056,4134,3160,1390,2
29,17,63601,44103,22411,10262,16925,28435,13179,11842,2
37,29,641067,64161,18957,9958,12625,12015,13199,2133,2
41,61,92460,50215,10659,4959,1776,4335,1370,1599,2
44,61,4470,23808,22582,7651,14735,29471,5354,1824,2
60,60,81850,14576,1635,5187,2611,4353,1573,418,2
74,48,2070446,271566,7117,26048,18367,18081,7268,3399,2
61,53,1000656,26839,20975,18697,17010,9199,4485,2068,2
61,50,24858,25664,11071,4435,11295,16490,11639,2057,2
54,57,103230,45232,10023,31089,10242,19966,8600,7004,2
43,60,1111433,140966,4128,16519,4451,2522,1114,470,2
41,53,120181,16731,4131,4314,2859,2670,2955,351,2
47,56,9501,2618,4694,4504,10489,8536,6242,3252,2
47,53,347123,59530,19057,10377,3681,16497,6759,1190,2
77,60,12584,14462,4799,5748,14859,14074,7453,1673,2
56,56,13570,20026,30070,5166,3872,18494,7553,3914,0
67,70,7620,26984,30804,7656,12789,26803,8972,6951,0
75,54,7825,10869,6668,1914,5539,10503,6017,4184,0
70,64,387782,230232,65402,18107,28217,15059,3120,1577,0
78,61,34451,12396,5535,6452,11860,22525,7308,1232,0
83,57,15979,7921,6262,2126,2372,12930,12262,2815,0
77,64,10137,35566,30010,7139,5585,17587,8004,1871,0
93,57,11394,20475,2612,3592,4523,10020,9371,2043,0
83,60,64032,26233,6635,6689,8331,13285,5538,5512,0
11,51,286455,44091,1377,3003,1447,2329,1839,309,2
16,44,78115,87186,21420,3036,4995,2767,1358,1554,2
34,51,999168,13591,6645,4877,18435,11578,9047,4115,2
56,64,600418,22104,5358,5878,4265,2093,699,597,2
44,74,281809,19233,13267,10195,8506,5562,2118,1585,2
63,60,10915,5879,4577,2610,2884,15463,6604,14128,2
75,66,1767,13733,9680,8314,4226,6988,7343,4315,2
41,83,12330,13379,25825,17782,14052,26822,8430,9205,2
43,74,360145,23163,5110,15917,4297,8061,2313,1804,2
57,80,43016,13424,8593,2569,1450,4503,2222,478,2
69,77,8788,25966,4860,4907,6491,12150,8064,2078,2
66,69,12518,18333,9093,7315,7629,8878,15216,3535,2
74,66,10080,24307,17013,1761,6899,16825,21162,5582,2
54,53,769206,435854,53120,5883,5143,11453,4286,1503,2
63,54,19104,23275,9886,4796,3692,31231,9892,2745,2
77,44,18867,17610,1407,8801,6717,29879,9093,4592,2
77,47,13303,25115,13314,14018,4404,22932,12772,5720,2
64,40,15644,63273,22190,9643,15411,23135,8740,3629,0
60,78,1769155,178545,8025,51508,39678,22068,67829,23594,0
50,64,383319,33310,10718,18196,12803,15979,11980,8679,0
43,53,35407,104177,15078,5569,11283,10960,6050,3777,0
47,56,482775,100806,19453,29841,11507,20289,17176,5853,0
51,67,13450,9643,23057,4564,10099,7498,6248,4735,0
48,63,37476,47765,8178,13185,10543,13206,7589,5779,0
48,66,670784,72555,8336,8826,6837,6897,2536,1159,0
48,64,21363,96059,10467,28136,8956,16680,8423,2830,0
44,56,238327,88559,39985,14331,21728,16863,33980,11129,0
70,54,140483,15290,6434,8270,2012,8393,6514,1830,2
47,37,2901012,125104,27322,22333,25850,22978,36879,19885,2
35,48,641547,47687,5142,13857,4550,7788,10663,2142,2
48,57,38275,8795,2607,4593,2262,3092,3267,1925,2
44,63,29880,57629,22731,18821,15216,9279,5445,1688,2
50,70,11553,17857,21587,3448,8718,7202,14179,8591,2
43,78,118123,520921,133798,110016,19229,47322,90086,10166,2
34,69,1119710,59772,4947,10212,3253,5047,10391,2195,2
23,56,594732,67299,9571,1727,4807,2113,5595,3700,2
35,74,330273,169854,23086,12431,5133,8014,3283,3109,2
20,75,137616,18977,5914,3945,550,1527,1436,1896,2
29,69,1853715,67064,41161,9658,8729,25229,9770,7958,2
47,67,33129,16298,6447,4421,3536,8825,1730,1290,2
51,78,1202883,18624,22127,15497,4523,5526,1352,923,2
74,88,7484,11285,17913,11181,5230,17705,7560,4404,2
61,84,636866,36174,9145,2594,4944,3650,4096,3278,2
64,81,559674,17525,10335,20661,10683,6454,7870,5435,2
51,74,212633,140878,28624,12222,14656,16859,12146,8337,2
50,34,111571,40697,14135,3020,2472,5386,1536,1741,0
40,61,2001196,45793,16416,21735,17807,19981,13766,5938,0
38,78,41185,4731,44603,9307,5976,4461,5277,1665,0
53,83,8867,18456,7905,6077,4685,8730,9777,2745,0
44,66,873689,323777,23786,8430,21022,16784,3095,5155,0
43,69,33536,14717,21582,4718,3716,7032,8071,2322,0
60,48,18020,7894,2056,6950,12905,9305,3363,6114,0
56,50,21969,23744,14357,5292,6148,8054,3742,3086,0
63,57,252223,117070,17082,17752,14263,16364,6714,2326,0
66,50,126840,22405,5652,8601,6872,9719,17350,3443,0
48,41,117021,119937,42613,15269,7163,16866,9435,4651,0
23,51,1689208,432450,105000,27109,20439,29385,15781,4375,0
40,51,27097,35716,5553,18460,8739,21928,5530,5122,0
40,41,67607,59536,3684,2923,752,4311,5130,1776,0
38,38,231175,272494,45385,15824,2973,13902,5216,2048,0
43,38,98193,17674,12982,4060,5732,7545,3772,1370,0
50,40,10832,2679,3442,962,3617,5452,1241,974,0
53,38,1336255,188445,8174,10222,10725,19942,8951,6206,0
60,37,101014,207248,34434,6760,14265,22138,18998,3300,0
30,27,93325,103698,11853,1653,2098,7715,2538,778,0
21,34,615949,622403,2778,20371,23491,34695,17044,4905,0
38,27,18082,31125,4435,11479,12779,27412,11392,3660,0
44,30,1595054,28131,24699,2202,10910,3527,3390,593,0
56,29,19500,14232,5839,2041,5803,9120,11432,2760,0
54,51,115884,19999,2907,7577,3351,1315,1533,389,0
47,57,15328,17670,6630,11542,18489,8362,9149,1615,0
60,47,3888,14615,2326,2308,6448,5823,6834,5052,0
48,51,8418,35132,14719,5092,3581,5627,7455,2297,0
51,24,9507,29294,2123,3549,9552,6221,8560,8674,2
44,56,393260,113113,18821,9255,8680,8420,3100,912,2
21,47,1577362,234442,25464,2958,6812,9030,12465,8641,2
13,24,17006,62247,950,3558,7532,3916,3086,1236,2
37,20,155076,28157,15593,9119,8014,41319,12336,11081,2
37,23,876674,131270,51816,8965,39560,10964,17205,8174,2
56,63,13844,14079,7530,19110,4257,7509,6552,6706,2
51,66,2703,11246,5774,7809,4643,11815,3406,2640,2
57,67,1755284,83111,27731,15680,14966,14497,7453,4475,2
75,60,6324,6986,995,3482,8887,8406,6839,1279,2
54,53,88536,2075,2399,1228,1771,855,397,314,0
88,43,15186,38646,4524,952,14341,14475,4950,1597,0
75,40,462048,66985,25094,21748,13668,10829,4590,2584,0
60,43,272546,31913,14720,16362,11334,4538,886,1129,0
43,51,109153,29894,22440,13872,20522,6428,7606,7379,0
37,80,63670,25907,73526,6938,7857,15848,10190,9481,0
50,81,83625,4718,8250,169,3994,5213,3390,1031,0
61,80,109123,59724,31736,25776,14123,28726,9979,2370,0
75,53,548313,82056,8678,5666,12572,6471,3661,3259,0
27,50,90469,15611,3220,4928,2597,3714,3811,1007,2
47,35,65772,30198,2277,998,1404,1386,985,845,2
37,53,44779,22440,22252,28355,9568,15005,15227,2761,2
38,44,33548,30360,3744,12267,8385,12466,12887,5551,2
44,51,188463,19760,11939,1817,6698,4083,2335,1214,2
63,53,96144,53820,1975,7984,10939,21424,8223,8815,2
57,37,24423,12151,1960,5636,14682,13240,15666,4360,2
70,35,7150,8520,3776,6268,5462,10756,9313,3845,2
56,43,744224,106070,17676,26747,9461,8574,14165,5895,2
34,37,84603,16516,2112,5238,7557,2608,18461,2830,0
17,41,748955,165400,3424,17702,9419,5693,6027,4553,0
10,50,975138,441586,341042,64255,48144,34078,57517,23946,0
43,40,263283,65073,6128,5771,10344,35369,9009,2710,0
61,48,25059,29234,8280,5265,9227,10991,14566,15238,0
61,37,379766,294627,51744,21661,28573,15932,10210,2823,0
56,50,78355,15788,16922,59546,9429,14612,7406,5116,0
35,69,843009,160284,13218,49038,12194,15048,3935,2663,0
51,83,158716,16610,33461,11605,10800,18953,6567,9219,0
16,47,962659,39957,13445,2531,1777,3453,584,154,2
40,56,110159,47419,7923,34712,9609,13450,14164,9035,2
35,56,389728,356870,46374,24354,13955,11939,9100,2887,2
30,64,65674,25826,105188,27271,33005,17172,14000,10777,2
35,69,15029,40694,41797,11413,19003,14049,12930,3074,2
51,54,7648,16164,1188,3147,8174,23910,10220,1966,2
70,69,19233,10886,39905,3578,7371,14574,10641,6241,2
66,41,297466,65138,1990,3355,8386,4534,2425,722,2
77,44,1525,5725,16428,6141,2732,14978,24267,2520,2
57,63,7112,13908,50344,16454,23840,27682,37121,11515,2
51,54,1101432,541748,26848,74843,82392,18809,30682,8539,2
34,35,77073,28489,2648,697,2584,1345,1080,423,2
35,27,20611,48833,1936,5761,7818,27265,6533,4777,2
29,16,166609,91155,10565,4500,2105,5750,2688,617,2
29,16,187331,48503,3627,3033,10559,2247,2484,959,2
17,37,30373,5108,9345,1672,3525,2548,1842,1346,2
34,44,70057,100358,9514,8469,5175,5265,1374,635,2
37,61,472811,18085,3921,17970,5834,2572,1905,880,2
53,61,28965,38383,12695,11004,11827,19673,18671,8839,2
54,51,326427,39982,5228,6085,3646,5922,2684,1658,2
74,51,47170,18898,12228,5606,5380,23518,14322,2391,2
50,43,1350621,82122,17054,14488,17131,7819,3625,1337,2
56,41,24457,13588,902,2428,1388,4599,1973,1705,2
41,43,670197,116105,10527,61127,26036,22711,16256,4107,2
87,37,14621,6555,2024,4482,7696,34685,4117,4735,2
70,30,188148,44321,4094,1930,2687,2784,926,803,2
34,34,30127,11121,2995,1872,1856,3670,1938,1156,2
54,27,38874,150255,43918,11546,3130,3355,1101,921,2
30,35,1454313,51773,9706,9761,7805,6099,1917,1796,2
41,34,117950,17733,389,3487,2586,4120,1843,1905,2
14,47,189794,55452,19260,15770,10650,3776,1349,1603,2
40,44,45020,14659,4653,5357,7715,11984,11681,3528,2
44,41,2820,7863,7532,1838,10548,10292,9408,1694,2
24,23,141193,68673,16966,3238,4800,2997,1826,652,2